{"type":"FeatureCollection","name":"hypergrid-ai-oriented","features":[{"type":"Feature","geometry":{"type":"Point","coordinates":[-58.3816,-34.6037]},"properties":{"id":"ar-buenos-aires-equinix-ba1","facility":"Equinix BA1","operator":"Equinix","parentCompany":"Equinix","country":"Argentina","region":"Buenos Aires","city":"Buenos Aires","lat":-34.6037,"lng":-58.3816,"status":"operating","facilityType":"colocation","capacityMW":8,"aiOriented":true,"yearOperational":2021,"powerSource":"grid","summary":"Equinix's interconnection hub in Buenos Aires, providing a cloud on-ramp and peering point for the Argentine market.","sourceName":"Equinix","sourceUrl":"https://www.equinix.com/data-centers/americas-colocation/argentina-colocation","confidence":"low","source":"hypergrid.davidtphung.com","attribution":"HYPERGRID datacenters layer","dataTruth":"Hypergrid curated DC registry from public sources; not live telemetry"}},{"type":"Feature","geometry":{"type":"Point","coordinates":[144.9631,-37.8136]},"properties":{"id":"au-melbourne-airtrunk-mel1","facility":"AirTrunk MEL1","operator":"AirTrunk","parentCompany":"Blackstone","country":"Australia","region":"Asia Pacific","city":"Melbourne","lat":-37.8136,"lng":144.9631,"status":"operating","facilityType":"hyperscale","capacityMW":185,"aiOriented":true,"yearOperational":2020,"powerSource":"grid","summary":"185-plus MW hyperscale campus in Melbourne's west, AirTrunk's primary Victorian campus supporting major cloud providers.","sourceName":"AirTrunk","sourceUrl":"https://airtrunk.com/airtrunk-expands-mel1-to-185mw-capacity/","confidence":"high","source":"hypergrid.davidtphung.com","attribution":"HYPERGRID datacenters layer","dataTruth":"Hypergrid curated DC registry from public sources; not live telemetry"}},{"type":"Feature","geometry":{"type":"Point","coordinates":[150.918,-33.813]},"properties":{"id":"au-sydney-airtrunk-syd1","facility":"AirTrunk SYD1","operator":"AirTrunk","parentCompany":"Blackstone","country":"Australia","region":"Asia Pacific","city":"Sydney","lat":-33.813,"lng":150.918,"status":"operating","facilityType":"hyperscale","capacityMW":130,"aiOriented":true,"yearOperational":2017,"powerSource":"grid","summary":"AirTrunk's flagship 130-plus MW hyperscale campus in Western Sydney's Huntingwood, part of a large national platform.","sourceName":"AirTrunk","sourceUrl":"https://airtrunk.com/location/syd1-sydney-west/","confidence":"high","source":"hypergrid.davidtphung.com","attribution":"HYPERGRID datacenters layer","dataTruth":"Hypergrid curated DC registry from public sources; not live telemetry"}},{"type":"Feature","geometry":{"type":"Point","coordinates":[151.001,-33.839]},"properties":{"id":"au-sydney-nextdc-s1","facility":"NextDC S1","operator":"NextDC","parentCompany":"NextDC","country":"Australia","region":"Asia Pacific","city":"Sydney","lat":-33.839,"lng":151.001,"status":"operating","facilityType":"colocation","capacityMW":30,"aiOriented":true,"yearOperational":2013,"powerSource":"grid","summary":"NextDC's Sydney colocation facility, part of the largest Australian-owned operator's national Tier III and IV network.","sourceName":"NextDC","sourceUrl":"https://www.nextdc.com/data-centres","confidence":"medium","source":"hypergrid.davidtphung.com","attribution":"HYPERGRID datacenters layer","dataTruth":"Hypergrid curated DC registry from public sources; not live telemetry"}},{"type":"Feature","geometry":{"type":"Point","coordinates":[151.2093,-33.8688]},"properties":{"id":"aws-ap-southeast-2-sydney","facility":"AWS Asia Pacific (Sydney) ap-southeast-2","operator":"Amazon Web Services","parentCompany":"Amazon","country":"Australia","region":"New South Wales","city":"Sydney","lat":-33.8688,"lng":151.2093,"status":"operating","facilityType":"cloud-region","capacityMW":null,"aiOriented":true,"yearOperational":2012,"powerSource":"grid","summary":"AWS's Sydney cloud region launched in 2012, spanning three availability zones across facilities in the Sydney metro including Eastern Creek. The primary AWS hub for Australia.","sourceName":"Baxtel","sourceUrl":"https://baxtel.com/data-center/aws-asia-pacific-sydney-ap-southeast-2","confidence":"high","source":"hypergrid.davidtphung.com","attribution":"HYPERGRID datacenters layer","dataTruth":"Hypergrid curated DC registry from public sources; not live telemetry"}},{"type":"Feature","geometry":{"type":"Point","coordinates":[16.3997,48.1733]},"properties":{"id":"at-vienna-ntt-vie1","facility":"NTT Vienna 1","operator":"NTT","parentCompany":"NTT","country":"Austria","region":"Vienna","city":"Vienna","lat":48.1733,"lng":16.3997,"status":"operating","facilityType":"colocation","capacityMW":16,"aiOriented":true,"yearOperational":2018,"powerSource":"renewable grid","summary":"NTT data center at Computerstrasse in Vienna with up to 16 MW of IT load, serving central European cloud demand.","sourceName":"NTT Global Data Centers","sourceUrl":"https://services.global.ntt/en-us/services-and-products/global-data-centers/global-locations/emea/vienna-1-data-center","confidence":"high","source":"hypergrid.davidtphung.com","attribution":"HYPERGRID datacenters layer","dataTruth":"Hypergrid curated DC registry from public sources; not live telemetry"}},{"type":"Feature","geometry":{"type":"Point","coordinates":[50.5876,26.2235]},"properties":{"id":"bh-manama-aws-bahrain","facility":"AWS Middle East Region","operator":"Amazon Web Services","parentCompany":"Amazon","country":"Bahrain","region":"Middle East","city":"Manama","lat":26.2235,"lng":50.5876,"status":"operating","facilityType":"cloud-region","capacityMW":20,"aiOriented":true,"yearOperational":2019,"powerSource":"grid","summary":"AWS Middle East (Bahrain) Region, the first AWS infrastructure region in the Middle East.","sourceName":"Agility Logistics Parks","sourceUrl":"https://agilitylogisticsparks.com/blog/data-centers-in-the-middle-east-2/","confidence":"medium","source":"hypergrid.davidtphung.com","attribution":"HYPERGRID datacenters layer","dataTruth":"Hypergrid curated DC registry from public sources; not live telemetry"}},{"type":"Feature","geometry":{"type":"Point","coordinates":[3.8167,50.4667]},"properties":{"id":"be-saint-ghislain-google-belgium","facility":"Google Saint-Ghislain","operator":"Google","parentCompany":"Alphabet","country":"Belgium","region":"Wallonia","city":"Saint-Ghislain","lat":50.4667,"lng":3.8167,"status":"operating","facilityType":"hyperscale","capacityMW":150,"aiOriented":true,"yearOperational":2010,"powerSource":"renewable + canal-water cooling","summary":"Google's first European data center campus near Mons, operating since 2010 and backed by a new 5 billion euro AI infrastructure investment through 2027.","sourceName":"Google","sourceUrl":"https://datacenters.google/locations/belgium/","confidence":"high","source":"hypergrid.davidtphung.com","attribution":"HYPERGRID datacenters layer","dataTruth":"Hypergrid curated DC registry from public sources; not live telemetry"}},{"type":"Feature","geometry":{"type":"Point","coordinates":[-46.918,-23.4439]},"properties":{"id":"br-sao-paulo-equinix-sp5x","facility":"Equinix SP5x (xScale)","operator":"Equinix","parentCompany":"Equinix","country":"Brazil","region":"Sao Paulo","city":"Santana de Parnaiba","lat":-23.4439,"lng":-46.918,"status":"operating","facilityType":"hyperscale","capacityMW":14.4,"aiOriented":true,"yearOperational":2023,"powerSource":"hydro/renewable grid","summary":"Equinix xScale facility built for hyperscale cloud workloads next to the SP3 IBX, totaling 14.4 MW at full build.","sourceName":"Data Center Dynamics","sourceUrl":"https://www.datacenterdynamics.com/en/news/equinix-inaugurates-xscale-data-center-in-s%C3%A3o-paulo-brazil/","confidence":"medium","source":"hypergrid.davidtphung.com","attribution":"HYPERGRID datacenters layer","dataTruth":"Hypergrid curated DC registry from public sources; not live telemetry"}},{"type":"Feature","geometry":{"type":"Point","coordinates":[-46.8761,-23.5089]},"properties":{"id":"br-sao-paulo-equinix-sp4","facility":"Equinix SP4","operator":"Equinix","parentCompany":"Equinix","country":"Brazil","region":"Sao Paulo","city":"Barueri","lat":-23.5089,"lng":-46.8761,"status":"operating","facilityType":"colocation","capacityMW":13,"aiOriented":true,"yearOperational":2019,"powerSource":"hydro/renewable grid","summary":"Equinix IBX in Tambore, Barueri, part of the largest interconnection ecosystem in Brazil.","sourceName":"Equinix","sourceUrl":"https://www.equinix.com/data-centers/americas-colocation/brazil-colocation/sao-paulo-data-centers/sp4","confidence":"medium","source":"hypergrid.davidtphung.com","attribution":"HYPERGRID datacenters layer","dataTruth":"Hypergrid curated DC registry from public sources; not live telemetry"}},{"type":"Feature","geometry":{"type":"Point","coordinates":[-38.5433,-3.7172]},"properties":{"id":"br-fortaleza-edgeconnex","facility":"EdgeConneX Fortaleza","operator":"EdgeConneX","parentCompany":"EdgeConneX","country":"Brazil","region":"Ceara","city":"Fortaleza","lat":-3.7172,"lng":-38.5433,"status":"operating","facilityType":"colocation","capacityMW":10,"aiOriented":true,"yearOperational":2021,"powerSource":"grid + renewable","summary":"Edge data center near a major South Atlantic subsea cable landing point, strengthening connectivity between Brazil, Europe and Africa.","sourceName":"EdgeConneX","sourceUrl":"https://www.edgeconnex.com/locations/americas/fortaleza/","confidence":"low","source":"hypergrid.davidtphung.com","attribution":"HYPERGRID datacenters layer","dataTruth":"Hypergrid curated DC registry from public sources; not live telemetry"}},{"type":"Feature","geometry":{"type":"Point","coordinates":[-71.208,46.8139]},"properties":{"id":"ca-quebec-vantage-qc-campus","facility":"Vantage Quebec City Campus","operator":"Vantage","parentCompany":"Vantage Data Centers","country":"Canada","region":"Quebec","city":"Quebec City","lat":46.8139,"lng":-71.208,"status":"operating","facilityType":"hyperscale","capacityMW":86,"aiOriented":true,"yearOperational":2022,"powerSource":"100% hydro","summary":"Four-building Quebec City campus with direct access to a Hydro-Quebec substation, delivering about 86 MW on nearly 100% hydroelectric power.","sourceName":"Vantage Data Centers","sourceUrl":"https://vantage-dc.com/data-center-locations/north-america/quebec-city-canada/","confidence":"medium","source":"hypergrid.davidtphung.com","attribution":"HYPERGRID datacenters layer","dataTruth":"Hypergrid curated DC registry from public sources; not live telemetry"}},{"type":"Feature","geometry":{"type":"Point","coordinates":[-73.5673,45.5017]},"properties":{"id":"ca-montreal-vantage-qc4","facility":"Vantage QC4 (Montreal II)","operator":"Vantage","parentCompany":"Vantage Data Centers","country":"Canada","region":"Quebec","city":"Montreal","lat":45.5017,"lng":-73.5673,"status":"operating","facilityType":"hyperscale","capacityMW":48,"aiOriented":true,"yearOperational":2021,"powerSource":"100% hydro","summary":"Montreal campus powered by nearly 100% Hydro-Quebec hydroelectricity, offering 48 MW of critical IT capacity.","sourceName":"Vantage Data Centers","sourceUrl":"https://vantage-dc.com/data-center-locations/north-america/montreal-ii-canada/","confidence":"high","source":"hypergrid.davidtphung.com","attribution":"HYPERGRID datacenters layer","dataTruth":"Hypergrid curated DC registry from public sources; not live telemetry"}},{"type":"Feature","geometry":{"type":"Point","coordinates":[-73.9089,45.4283]},"properties":{"id":"ca-montreal-vantage-q61","facility":"Vantage Montreal III (Q61)","operator":"Vantage Data Centers","parentCompany":"Vantage Data Centers","country":"Canada","region":"Quebec","city":"Baie-D'Urfe","lat":45.4283,"lng":-73.9089,"status":"operating","facilityType":"hyperscale","capacityMW":30,"aiOriented":true,"yearOperational":2023,"powerSource":"Hydroelectric","summary":"Vantage's Q61 single-building site at 21525 Clark Graham Avenue in Baie-D'Urfe offers 30 MW of IT load powered by Quebec hydroelectricity.","sourceName":"Data Center Dynamics","sourceUrl":"https://www.datacenterdynamics.com/en/news/vantage-completes-latest-data-center-in-montr%C3%A9al-canada/","confidence":"high","source":"hypergrid.davidtphung.com","attribution":"HYPERGRID datacenters layer","dataTruth":"Hypergrid curated DC registry from public sources; not live telemetry"}},{"type":"Feature","geometry":{"type":"Point","coordinates":[-79.3832,43.651]},"properties":{"id":"ca-toronto-equinix-tr2","facility":"Equinix TR2","operator":"Equinix","parentCompany":"Equinix","country":"Canada","region":"Ontario","city":"Toronto","lat":43.651,"lng":-79.3832,"status":"operating","facilityType":"colocation","capacityMW":15,"aiOriented":true,"yearOperational":2017,"powerSource":"nuclear/hydro grid","summary":"Equinix interconnection hub serving Canada's largest market and a primary cloud on-ramp for the Toronto region.","sourceName":"Equinix","sourceUrl":"https://www.equinix.com/data-centers/americas-colocation/canada-colocation/toronto-data-centers/tr2","confidence":"medium","source":"hypergrid.davidtphung.com","attribution":"HYPERGRID datacenters layer","dataTruth":"Hypergrid curated DC registry from public sources; not live telemetry"}},{"type":"Feature","geometry":{"type":"Point","coordinates":[-73.6776,45.5012]},"properties":{"id":"ca-montreal-equinix-mt1","facility":"Equinix Montreal MT1","operator":"Equinix","parentCompany":"Equinix","country":"Canada","region":"Quebec","city":"Montreal","lat":45.5012,"lng":-73.6776,"status":"operating","facilityType":"colocation","capacityMW":null,"aiOriented":true,"yearOperational":2012,"powerSource":"Hydroelectric","summary":"Equinix MT1 is a carrier-neutral colocation and interconnection data center at 6205 Vanden Abeele Street in Montreal, powered by Quebec hydropower.","sourceName":"Dgtl Infra","sourceUrl":"https://dgtlinfra.com/montreal-canada-hyperscale-data-center/","confidence":"medium","source":"hypergrid.davidtphung.com","attribution":"HYPERGRID datacenters layer","dataTruth":"Hypergrid curated DC registry from public sources; not live telemetry"}},{"type":"Feature","geometry":{"type":"Point","coordinates":[-70.77,-33.52]},"properties":{"id":"cl-santiago-odata-st02","facility":"ODATA ST02 Santiago","operator":"ODATA","parentCompany":"Aligned Data Centers","country":"Chile","region":"Santiago Metropolitan","city":"Santiago","lat":-33.52,"lng":-70.77,"status":"operating","facilityType":"hyperscale","capacityMW":40.6,"aiOriented":true,"yearOperational":2023,"powerSource":"100% renewable","summary":"40.6 MW hyperscale campus in Santiago running on renewable energy, serving Chile's growing cloud market.","sourceName":"DC Pulse","sourceUrl":"https://dcpulse.com/project/odata-dcst02-santiago-chile-hyperscale","confidence":"medium","source":"hypergrid.davidtphung.com","attribution":"HYPERGRID datacenters layer","dataTruth":"Hypergrid curated DC registry from public sources; not live telemetry"}},{"type":"Feature","geometry":{"type":"Point","coordinates":[-70.6693,-33.4489]},"properties":{"id":"cl-santiago-edgeconnex-scl02","facility":"EdgeConneX Santiago SCL02","operator":"EdgeConneX","parentCompany":"EdgeConneX","country":"Chile","region":"Santiago Metropolitan","city":"Santiago","lat":-33.4489,"lng":-70.6693,"status":"operating","facilityType":"hyperscale","capacityMW":14,"aiOriented":true,"yearOperational":2022,"powerSource":"grid + renewable","summary":"Part of EdgeConneX's purpose-built wholesale campus in Santiago with Oracle Cloud as an anchor customer.","sourceName":"Data Center Map","sourceUrl":"https://www.datacentermap.com/chile/santiago/edgeconnex-scl02/","confidence":"medium","source":"hypergrid.davidtphung.com","attribution":"HYPERGRID datacenters layer","dataTruth":"Hypergrid curated DC registry from public sources; not live telemetry"}},{"type":"Feature","geometry":{"type":"Point","coordinates":[115.52,40.4]},"properties":{"id":"cn-huailai-chindata","facility":"Chindata Huailai (Guanting Lake) Hyperscale Campus","operator":"Chindata Group","parentCompany":"Bain Capital","country":"China","region":"Hebei","city":"Huailai County, Zhangjiakou","lat":40.4,"lng":115.52,"status":"operating","facilityType":"hyperscale","capacityMW":500,"aiOriented":true,"yearOperational":2019,"powerSource":"wind","summary":"A major operational hyperscale cluster in Huailai, with planned total IT capacity of about 500MW across multiple in-city bases. Located in Zhangjiakou, a renewable demonstration zone serving the Beijing-Tianjin-Hebei hub.","sourceName":"Sinocities","sourceUrl":"https://sinocities.substack.com/p/chinas-data-center-boom-a-view-from","confidence":"medium","source":"hypergrid.davidtphung.com","attribution":"HYPERGRID datacenters layer","dataTruth":"Hypergrid curated DC registry from public sources; not live telemetry"}},{"type":"Feature","geometry":{"type":"Point","coordinates":[111.8167,40.3667]},"properties":{"id":"cn-horinger-chinatelecom-park","facility":"China Telecom Cloud Computing Inner Mongolia Information Park","operator":"China Telecom","parentCompany":"China Telecom","country":"China","region":"Inner Mongolia","city":"Hohhot (Horinger)","lat":40.3667,"lng":111.8167,"status":"operating","facilityType":"hyperscale","capacityMW":150,"aiOriented":true,"yearOperational":2013,"powerSource":"Grid with Inner Mongolia wind and solar, free cooling","summary":"Often cited as one of the world's largest data centers, China Telecom's Horinger park spans about one million square meters with roughly 150 MW across six halls. It anchors the Horinger national cluster south of Hohhot.","sourceName":"DatacenterDynamics","sourceUrl":"https://www.datacenterdynamics.com/en/analysis/in-search-of-the-worlds-largest-data-center/","confidence":"high","source":"hypergrid.davidtphung.com","attribution":"HYPERGRID datacenters layer","dataTruth":"Hypergrid curated DC registry from public sources; not live telemetry"}},{"type":"Feature","geometry":{"type":"Point","coordinates":[113.1,41]},"properties":{"id":"cn-innermongolia-alibaba-ulanqab","facility":"Alibaba Ulanqab DC","operator":"Alibaba Cloud","parentCompany":"Alibaba","country":"China","region":"Asia Pacific","city":"Ulanqab","lat":41,"lng":113.1,"status":"operating","facilityType":"hyperscale","capacityMW":120,"aiOriented":true,"yearOperational":2020,"powerSource":"renewable","summary":"Alibaba Cloud hyperscale campus in Ulanqab, Inner Mongolia, using free-air cooling and low-cost wind and solar power.","sourceName":"Baxtel","sourceUrl":"https://baxtel.com/data-center/alibaba-ulanqab-campus","confidence":"medium","source":"hypergrid.davidtphung.com","attribution":"HYPERGRID datacenters layer","dataTruth":"Hypergrid curated DC registry from public sources; not live telemetry"}},{"type":"Feature","geometry":{"type":"Point","coordinates":[114.886,40.767]},"properties":{"id":"cn-zhangjiakou-tencent-zjk","facility":"Tencent Zhangjiakou DC","operator":"Tencent Cloud","parentCompany":"Tencent","country":"China","region":"Asia Pacific","city":"Zhangjiakou","lat":40.767,"lng":114.886,"status":"operating","facilityType":"hyperscale","capacityMW":100,"aiOriented":true,"yearOperational":2018,"powerSource":"renewable","summary":"Tencent inland hyperscale campus northwest of Beijing, a major East Data West Compute node leveraging regional wind power.","sourceName":"Sinocities","sourceUrl":"https://sinocities.substack.com/p/chinas-data-center-boom-a-view-from","confidence":"low","source":"hypergrid.davidtphung.com","attribution":"HYPERGRID datacenters layer","dataTruth":"Hypergrid curated DC registry from public sources; not live telemetry"}},{"type":"Feature","geometry":{"type":"Point","coordinates":[114.887,40.824]},"properties":{"id":"cn-zhangjiakou-bytedance-zjk","facility":"ByteDance Zhangjiakou DC","operator":"ByteDance","parentCompany":"ByteDance","country":"China","region":"Asia Pacific","city":"Zhangjiakou","lat":40.824,"lng":114.887,"status":"operating","facilityType":"hyperscale","capacityMW":90,"aiOriented":true,"yearOperational":2021,"powerSource":"renewable","summary":"ByteDance inland hyperscale facility supporting AI and content workloads in the Zhangjiakou cluster outside Beijing on regional renewable power.","sourceName":"Sinocities","sourceUrl":"https://sinocities.substack.com/p/mapping-chinas-inland-data-centers","confidence":"low","source":"hypergrid.davidtphung.com","attribution":"HYPERGRID datacenters layer","dataTruth":"Hypergrid curated DC registry from public sources; not live telemetry"}},{"type":"Feature","geometry":{"type":"Point","coordinates":[107.644,35.709]},"properties":{"id":"cn-gansu-qingyang-huawei","facility":"Huawei Qingyang Cloud DC","operator":"Huawei Cloud","parentCompany":"Huawei","country":"China","region":"Asia Pacific","city":"Qingyang","lat":35.709,"lng":107.644,"status":"construction","facilityType":"hyperscale","capacityMW":70,"aiOriented":true,"yearOperational":2025,"powerSource":"renewable","summary":"Huawei hyperscale cloud facility in the Gansu Qingyang national cluster, a far-western East Data West Compute node.","sourceName":"Sinocities","sourceUrl":"https://sinocities.substack.com/p/mapping-chinas-inland-data-centers","confidence":"low","source":"hypergrid.davidtphung.com","attribution":"HYPERGRID datacenters layer","dataTruth":"Hypergrid curated DC registry from public sources; not live telemetry"}},{"type":"Feature","geometry":{"type":"Point","coordinates":[120.1551,30.2741]},"properties":{"id":"cn-hangzhou-alibaba-hz","facility":"Alibaba Hangzhou Feitian DC","operator":"Alibaba Cloud","parentCompany":"Alibaba","country":"China","region":"Asia Pacific","city":"Hangzhou","lat":30.2741,"lng":120.1551,"status":"operating","facilityType":"hyperscale","capacityMW":60,"aiOriented":true,"yearOperational":2016,"powerSource":"grid","summary":"Alibaba Cloud hyperscale data center in Hangzhou, running the Apsara cloud platform and AI compute in the Yangtze River Delta.","sourceName":"Arizton","sourceUrl":"https://www.arizton.com/market-reports/china-data-center-market","confidence":"low","source":"hypergrid.davidtphung.com","attribution":"HYPERGRID datacenters layer","dataTruth":"Hypergrid curated DC registry from public sources; not live telemetry"}},{"type":"Feature","geometry":{"type":"Point","coordinates":[114.24,39.44]},"properties":{"id":"cn-datong-chindata-taihang","facility":"Chindata Taihang Mountain Campus (Lingqiu)","operator":"Chindata Group","parentCompany":"Bain Capital","country":"China","region":"Shanxi","city":"Lingqiu County, Datong","lat":39.44,"lng":114.24,"status":"operating","facilityType":"hyperscale","capacityMW":50,"aiOriented":true,"yearOperational":2020,"powerSource":"wind","summary":"Opened in October 2020 as Asia's largest single hyperscale data center at 50MW IT capacity, serving the Beijing-Tianjin-Hebei region. Backed by dedicated renewable power, a 110kV substation and a 35kV backup supply.","sourceName":"PR Newswire / Chindata","sourceUrl":"https://www.prnewswire.com/news-releases/chindata-group-opens-asias-largest-single-hyperscale-data-center-in-shanxi-301167715.html","confidence":"high","source":"hypergrid.davidtphung.com","attribution":"HYPERGRID datacenters layer","dataTruth":"Hypergrid curated DC registry from public sources; not live telemetry"}},{"type":"Feature","geometry":{"type":"Point","coordinates":[121.4737,31.2304]},"properties":{"id":"cn-shanghai-gds-sh","facility":"GDS Shanghai Campus","operator":"GDS Holdings","parentCompany":"GDS Holdings","country":"China","region":"Asia Pacific","city":"Shanghai","lat":31.2304,"lng":121.4737,"status":"operating","facilityType":"hyperscale","capacityMW":50,"aiOriented":true,"yearOperational":2019,"powerSource":"grid","summary":"GDS hyperscale colocation campus in the Yangtze River Delta serving cloud and AI tenants.","sourceName":"Data Center Knowledge","sourceUrl":"https://www.datacenterknowledge.com/investing/why-gds-thinks-it-ll-go-on-winning-in-the-chinese-data-center-market","confidence":"low","source":"hypergrid.davidtphung.com","attribution":"HYPERGRID datacenters layer","dataTruth":"Hypergrid curated DC registry from public sources; not live telemetry"}},{"type":"Feature","geometry":{"type":"Point","coordinates":[104.0668,30.5728]},"properties":{"id":"cn-chengdu-china-telecom","facility":"China Telecom Chengdu DC","operator":"China Telecom","parentCompany":"China Telecom","country":"China","region":"Asia Pacific","city":"Chengdu","lat":30.5728,"lng":104.0668,"status":"operating","facilityType":"hyperscale","capacityMW":50,"aiOriented":true,"yearOperational":2021,"powerSource":"grid","summary":"China Telecom hyperscale facility anchoring the Chengdu-Chongqing national computing node under East Data West Compute.","sourceName":"Sinocities","sourceUrl":"https://sinocities.substack.com/p/mapping-chinas-inland-data-centers","confidence":"low","source":"hypergrid.davidtphung.com","attribution":"HYPERGRID datacenters layer","dataTruth":"Hypergrid curated DC registry from public sources; not live telemetry"}},{"type":"Feature","geometry":{"type":"Point","coordinates":[116.4074,39.9042]},"properties":{"id":"cn-beijing-gds-bj","facility":"GDS Beijing Campus","operator":"GDS Holdings","parentCompany":"GDS Holdings","country":"China","region":"Asia Pacific","city":"Beijing","lat":39.9042,"lng":116.4074,"status":"operating","facilityType":"hyperscale","capacityMW":48,"aiOriented":true,"yearOperational":2018,"powerSource":"grid","summary":"GDS hyperscale data center campus serving the Jing-Jin-Ji region, hosting major Chinese cloud platforms.","sourceName":"Data Center Knowledge","sourceUrl":"https://www.datacenterknowledge.com/investing/why-gds-thinks-it-ll-go-on-winning-in-the-chinese-data-center-market","confidence":"low","source":"hypergrid.davidtphung.com","attribution":"HYPERGRID datacenters layer","dataTruth":"Hypergrid curated DC registry from public sources; not live telemetry"}},{"type":"Feature","geometry":{"type":"Point","coordinates":[114.0579,22.5431]},"properties":{"id":"cn-shenzhen-tencent-sz","facility":"Tencent Shenzhen DC","operator":"Tencent Cloud","parentCompany":"Tencent","country":"China","region":"Asia Pacific","city":"Shenzhen","lat":22.5431,"lng":114.0579,"status":"operating","facilityType":"hyperscale","capacityMW":40,"aiOriented":true,"yearOperational":2017,"powerSource":"grid","summary":"Tencent hyperscale facility in the Pearl River Delta supporting Tencent Cloud and AI services from Shenzhen.","sourceName":"Arizton","sourceUrl":"https://www.arizton.com/market-reports/china-data-center-market","confidence":"low","source":"hypergrid.davidtphung.com","attribution":"HYPERGRID datacenters layer","dataTruth":"Hypergrid curated DC registry from public sources; not live telemetry"}},{"type":"Feature","geometry":{"type":"Point","coordinates":[106.27,26.36]},"properties":{"id":"cn-guian-tencent-qixing","facility":"Tencent Gui'an Qixing Data Center","operator":"Tencent Cloud","parentCompany":"Tencent Holdings","country":"China","region":"Guizhou","city":"Gui'an New Area (Guiyang)","lat":26.36,"lng":106.27,"status":"operating","facilityType":"hyperscale","capacityMW":null,"aiOriented":true,"yearOperational":2018,"powerSource":"hydro","summary":"China's first cavern data center, with core servers housed inside tunneled mountain caves across a 470,000 sqm site in the Gui'an national computing hub. Designed for up to 300,000 servers, about one-sixth held in five tunnel caves built to nuclear-shelter safety standards.","sourceName":"Xinhua","sourceUrl":"https://english.news.cn/20230603/204eafb3a11847c8ad503afa034f1f8d/c.html","confidence":"high","source":"hypergrid.davidtphung.com","attribution":"HYPERGRID datacenters layer","dataTruth":"Hypergrid curated DC registry from public sources; not live telemetry"}},{"type":"Feature","geometry":{"type":"Point","coordinates":[106.28,26.39]},"properties":{"id":"cn-guian-huawei-cloud","facility":"Huawei Cloud Gui'an Data Center","operator":"Huawei Cloud","parentCompany":"Huawei Technologies","country":"China","region":"Guizhou","city":"Gui'an New Area (Guiyang)","lat":26.39,"lng":106.28,"status":"operating","facilityType":"hyperscale","capacityMW":null,"aiOriented":true,"yearOperational":2023,"powerSource":"hydro","summary":"Huawei's largest global data center, spanning about 101 hectares in the Gui'an national hub and built to eventually house one million servers. Phase one came online in late 2022 with an industry-leading PUE around 1.12.","sourceName":"DatacenterDynamics","sourceUrl":"https://www.datacenterdynamics.com/en/news/huawei-brings-one-million-server-data-center-online-in-guiyang-china/","confidence":"high","source":"hypergrid.davidtphung.com","attribution":"HYPERGRID datacenters layer","dataTruth":"Hypergrid curated DC registry from public sources; not live telemetry"}},{"type":"Feature","geometry":{"type":"Point","coordinates":[113.13,41]},"properties":{"id":"cn-ulanqab-alibaba","facility":"Alibaba Cloud Ulanqab Campus (cn-wulanchabu)","operator":"Alibaba Cloud","parentCompany":"Alibaba Group","country":"China","region":"Inner Mongolia","city":"Ulanqab","lat":41,"lng":113.13,"status":"operating","facilityType":"hyperscale","capacityMW":null,"aiOriented":true,"yearOperational":2020,"powerSource":"wind","summary":"One of three hyperscale campuses Alibaba Cloud added in China in 2020, serving the cn-wulanchabu region with sub-5ms latency to Beijing. Located in Inner Mongolia where most data center power comes from renewables.","sourceName":"China Daily","sourceUrl":"https://baxtel.com/data-center/alibaba-ulanqab-campus","confidence":"high","source":"hypergrid.davidtphung.com","attribution":"HYPERGRID datacenters layer","dataTruth":"Hypergrid curated DC registry from public sources; not live telemetry"}},{"type":"Feature","geometry":{"type":"Point","coordinates":[113.11,40.99]},"properties":{"id":"cn-ulanqab-cluster-kuaishou","facility":"Ulanqab Grassland Cloud Valley Cluster","operator":"Multiple (Alibaba, Kuaishou, UCloud, Apple)","parentCompany":"Ulanqab Chahar Economic and Technological Development Zone","country":"China","region":"Inner Mongolia","city":"Ulanqab","lat":40.99,"lng":113.11,"status":"operating","facilityType":"colocation","capacityMW":null,"aiOriented":true,"yearOperational":2024,"powerSource":"wind","summary":"A cluster of more than 50 data centers branded Grassland Cloud Valley, with combined computing power above 68,000 petaflops serving AI workloads in Beijing. Inner Mongolia's green computing capacity reached 94,000 petaflops in 2024.","sourceName":"China Daily","sourceUrl":"https://regional.chinadaily.com.cn/wic/2025-05/06/c_1090588.htm","confidence":"high","source":"hypergrid.davidtphung.com","attribution":"HYPERGRID datacenters layer","dataTruth":"Hypergrid curated DC registry from public sources; not live telemetry"}},{"type":"Feature","geometry":{"type":"Point","coordinates":[111.83,40.4]},"properties":{"id":"cn-horinger-china-mobile","facility":"China Mobile (Hohhot) Intelligent Computing Center","operator":"China Mobile","parentCompany":"China Mobile Communications","country":"China","region":"Inner Mongolia","city":"Horinger New Area, Hohhot","lat":40.4,"lng":111.83,"status":"operating","facilityType":"ai-campus","capacityMW":null,"aiOriented":true,"yearOperational":2023,"powerSource":"wind","summary":"Described as the world's largest single-unit intelligent computing center operated by a telecom provider, with peak capacity around 6,700 petaflops. Sits within Hohhot's Horinger cluster, part of the Inner Mongolia national hub.","sourceName":"Xinhua","sourceUrl":"https://english.news.cn/20231129/fb14f64feea8471083033d1adc5f37b7/c.html","confidence":"high","source":"hypergrid.davidtphung.com","attribution":"HYPERGRID datacenters layer","dataTruth":"Hypergrid curated DC registry from public sources; not live telemetry"}},{"type":"Feature","geometry":{"type":"Point","coordinates":[107.64,35.73]},"properties":{"id":"cn-qingyang-china-mobile","facility":"China Mobile Qingyang Computing Center","operator":"China Mobile","parentCompany":"China Mobile Communications","country":"China","region":"Gansu","city":"Qingyang","lat":35.73,"lng":107.64,"status":"operating","facilityType":"ai-campus","capacityMW":null,"aiOriented":true,"yearOperational":2023,"powerSource":"mixed","summary":"A flagship of the Qingyang national cluster in Gansu, where China Mobile servers help process data relayed from Shanghai within about one second. The Qingyang hub had deployed about 31,000 racks and 50,000 petaflops by the end of 2024.","sourceName":"China Daily","sourceUrl":"https://regional.chinadaily.com.cn/Qiushi/2025-08/22/c_1118560.htm","confidence":"high","source":"hypergrid.davidtphung.com","attribution":"HYPERGRID datacenters layer","dataTruth":"Hypergrid curated DC registry from public sources; not live telemetry"}},{"type":"Feature","geometry":{"type":"Point","coordinates":[107.65,35.71]},"properties":{"id":"cn-qingyang-china-telecom","facility":"China Telecom Gansu (Qingyang) Data Center","operator":"China Telecom","parentCompany":"China Telecom Corporation","country":"China","region":"Gansu","city":"Qingyang","lat":35.71,"lng":107.65,"status":"construction","facilityType":"hyperscale","capacityMW":null,"aiOriented":true,"yearOperational":null,"powerSource":"mixed","summary":"A China Telecom hub-node project in the Qingyang cluster, breaking ground with about 2,000 8KW racks to serve eastern computing demand. Part of Gansu's role as one of five western nodes in the East Data West Compute initiative.","sourceName":"Idcnova","sourceUrl":"https://www.idcnova.com/html/1/59/153/1171.html","confidence":"medium","source":"hypergrid.davidtphung.com","attribution":"HYPERGRID datacenters layer","dataTruth":"Hypergrid curated DC registry from public sources; not live telemetry"}},{"type":"Feature","geometry":{"type":"Point","coordinates":[114.28,39.76]},"properties":{"id":"cn-datong-bytedance-volcano","facility":"ByteDance (Volcano Cloud) Datong AI Data Center","operator":"Volcano Engine (Volcengine)","parentCompany":"ByteDance","country":"China","region":"Shanxi","city":"Guangling County, Datong","lat":39.76,"lng":114.28,"status":"construction","facilityType":"ai-campus","capacityMW":null,"aiOriented":true,"yearOperational":null,"powerSource":"mixed","summary":"A roughly 4.5 billion yuan (about USD 614 million) campus spanning about 205,000 sqm in Datong's Guangling Big Data Park, housing over 12,600 12kW cabinets. Built to expand compute for ByteDance's Doubao AI service.","sourceName":"DatacenterDynamics","sourceUrl":"https://www.datacenterdynamics.com/en/news/bytedance-to-develop-614m-ai-data-center-in-shanxi-province-china/","confidence":"high","source":"hypergrid.davidtphung.com","attribution":"HYPERGRID datacenters layer","dataTruth":"Hypergrid curated DC registry from public sources; not live telemetry"}},{"type":"Feature","geometry":{"type":"Point","coordinates":[118.38,31.33]},"properties":{"id":"cn-wuhu-bytedance-volcengine","facility":"ByteDance Volcengine Wuhu Cluster Campus","operator":"Volcano Engine (Volcengine)","parentCompany":"ByteDance","country":"China","region":"Anhui","city":"Wuhu","lat":31.33,"lng":118.38,"status":"construction","facilityType":"ai-campus","capacityMW":null,"aiOriented":true,"yearOperational":null,"powerSource":"mixed","summary":"One of 15 lead enterprises in the Wuhu national cluster's start-up area, part of about 270 billion yuan in committed investment. Wuhu is the Yangtze River Delta node of the East Data West Compute plan.","sourceName":"Futu News","sourceUrl":"https://news.futunn.com/en/post/62447974/wuhu-cluster-computing-power-platform-expansion-six-new-data-centers","confidence":"low","source":"hypergrid.davidtphung.com","attribution":"HYPERGRID datacenters layer","dataTruth":"Hypergrid curated DC registry from public sources; not live telemetry"}},{"type":"Feature","geometry":{"type":"Point","coordinates":[113.06,23.68]},"properties":{"id":"cn-qingyuan-tencent-gba","facility":"Tencent Qingyuan Data Center Cluster","operator":"Tencent Cloud","parentCompany":"Tencent Holdings","country":"China","region":"Guangdong","city":"Qingyuan","lat":23.68,"lng":113.06,"status":"operating","facilityType":"hyperscale","capacityMW":null,"aiOriented":true,"yearOperational":2020,"powerSource":"grid","summary":"Tencent's largest self-built data center cluster, with capacity for more than one million servers across a 26.6 hectare site in Guangdong. Acts as a core node linking Shenzhen, Guangzhou and Hong Kong across the Greater Bay Area hub.","sourceName":"Shenzhen Government Online","sourceUrl":"http://www.sz.gov.cn/en_szgov/news/latest/content/post_7846615.html","confidence":"medium","source":"hypergrid.davidtphung.com","attribution":"HYPERGRID datacenters layer","dataTruth":"Hypergrid curated DC registry from public sources; not live telemetry"}},{"type":"Feature","geometry":{"type":"Point","coordinates":[113.6,24.81]},"properties":{"id":"cn-shaoguan-gba-cluster","facility":"Shaoguan National Data Center Cluster","operator":"Multiple (China Telecom, China Mobile, China Unicom)","parentCompany":"Shaoguan Hi-tech Zone / Guangdong","country":"China","region":"Guangdong","city":"Shaoguan","lat":24.81,"lng":113.6,"status":"construction","facilityType":"colocation","capacityMW":null,"aiOriented":true,"yearOperational":null,"powerSource":"mixed","summary":"The designated cluster for the Guangdong-Hong Kong-Macao Greater Bay Area national hub, sited north of Guangzhou to offload the Pearl River Delta. Anchors AI and cloud buildout for the Greater Bay Area.","sourceName":"Sinocities","sourceUrl":"https://sinocities.substack.com/p/mapping-chinas-inland-data-centers","confidence":"low","source":"hypergrid.davidtphung.com","attribution":"HYPERGRID datacenters layer","dataTruth":"Hypergrid curated DC registry from public sources; not live telemetry"}},{"type":"Feature","geometry":{"type":"Point","coordinates":[121.22,31.03]},"properties":{"id":"cn-shanghai-tencent-songjiang","facility":"Yangtze River Delta AI Advanced Computing Center (Tencent Qingpu/Songjiang)","operator":"Tencent Cloud","parentCompany":"Tencent Holdings","country":"China","region":"Shanghai","city":"Shanghai (Songjiang/Qingpu)","lat":31.03,"lng":121.22,"status":"operating","facilityType":"ai-campus","capacityMW":null,"aiOriented":true,"yearOperational":2021,"powerSource":"grid","summary":"An AI compute center jointly built by Tencent and Shanghai's Songjiang district, targeting up to 800,000 servers. Tencent's adjacent Qingpu campus uses combined cooling, heating and power to cut its carbon footprint.","sourceName":"Baxtel","sourceUrl":"https://baxtel.com/data-center/tencent-shanghai-qingpu","confidence":"medium","source":"hypergrid.davidtphung.com","attribution":"HYPERGRID datacenters layer","dataTruth":"Hypergrid curated DC registry from public sources; not live telemetry"}},{"type":"Feature","geometry":{"type":"Point","coordinates":[121.5847,31.3417]},"properties":{"id":"cn-shanghai-gds-sh1","facility":"GDS Shanghai Data Center (SH1) Waigaoqiao","operator":"GDS Holdings","parentCompany":"GDS Holdings","country":"China","region":"Shanghai","city":"Shanghai","lat":31.3417,"lng":121.5847,"status":"operating","facilityType":"colocation","capacityMW":null,"aiOriented":true,"yearOperational":2010,"powerSource":"grid","summary":"GDS flagship colocation facility in the Shanghai Waigaoqiao Free Trade Zone, one of an early cluster of GDS sites serving cloud and enterprise tenants in Pudong.","sourceName":"Data Center Map","sourceUrl":"https://www.datacentermap.com/china/shanghai/gds-waigaoqiao/","confidence":"high","source":"hypergrid.davidtphung.com","attribution":"HYPERGRID datacenters layer","dataTruth":"Hypergrid curated DC registry from public sources; not live telemetry"}},{"type":"Feature","geometry":{"type":"Point","coordinates":[120.9806,31.3852]},"properties":{"id":"cn-suzhou-gds-kunshan","facility":"GDS Kunshan Data Center Campus","operator":"GDS Holdings","parentCompany":"GDS Holdings","country":"China","region":"Jiangsu","city":"Suzhou","lat":31.3852,"lng":120.9806,"status":"operating","facilityType":"hyperscale","capacityMW":null,"aiOriented":true,"yearOperational":2019,"powerSource":"grid","summary":"GDS hyperscale campus in Kunshan (Suzhou) on Jinzhong Road serving the Yangtze River Delta, anchoring wholesale cloud demand near Shanghai.","sourceName":"Data Center Map","sourceUrl":"https://www.datacentermap.com/china/shanghai/gds-kunshan/","confidence":"high","source":"hypergrid.davidtphung.com","attribution":"HYPERGRID datacenters layer","dataTruth":"Hypergrid curated DC registry from public sources; not live telemetry"}},{"type":"Feature","geometry":{"type":"Point","coordinates":[116.4019,39.6938]},"properties":{"id":"cn-beijing-gds-bj2","facility":"GDS Beijing Data Center (BJ2)","operator":"GDS Holdings","parentCompany":"GDS Holdings","country":"China","region":"Beijing","city":"Beijing","lat":39.6938,"lng":116.4019,"status":"operating","facilityType":"colocation","capacityMW":null,"aiOriented":true,"yearOperational":2015,"powerSource":"grid","summary":"GDS colocation facility on Jinghai 3rd Road in Daxing District, Beijing, supporting cloud and enterprise tenants in the capital cluster.","sourceName":"Data Center Map","sourceUrl":"https://www.datacentermap.com/c/gds/","confidence":"medium","source":"hypergrid.davidtphung.com","attribution":"HYPERGRID datacenters layer","dataTruth":"Hypergrid curated DC registry from public sources; not live telemetry"}},{"type":"Feature","geometry":{"type":"Point","coordinates":[116.6944,39.5083]},"properties":{"id":"cn-langfang-gds-langfang-i","facility":"GDS Langfang Data Center I","operator":"GDS Holdings","parentCompany":"GDS Holdings","country":"China","region":"Hebei","city":"Langfang","lat":39.5083,"lng":116.6944,"status":"operating","facilityType":"hyperscale","capacityMW":null,"aiOriented":true,"yearOperational":2019,"powerSource":"grid","summary":"GDS hyperscale campus on Furao Avenue in Anci District, Langfang, serving Beijing-area cloud customers from the lower-cost Hebei satellite market.","sourceName":"Data Center Map","sourceUrl":"https://www.datacentermap.com/china/beijing/gds-langfang-data-center-i/","confidence":"high","source":"hypergrid.davidtphung.com","attribution":"HYPERGRID datacenters layer","dataTruth":"Hypergrid curated DC registry from public sources; not live telemetry"}},{"type":"Feature","geometry":{"type":"Point","coordinates":[116.4953,39.9847]},"properties":{"id":"cn-beijing-vnet-m6","facility":"VNET Beijing M6 Data Center","operator":"VNET Group (21Vianet)","parentCompany":"VNET Group","country":"China","region":"Beijing","city":"Beijing","lat":39.9847,"lng":116.4953,"status":"operating","facilityType":"colocation","capacityMW":null,"aiOriented":true,"yearOperational":2014,"powerSource":"grid","summary":"VNET flagship M6 carrier-neutral data center at No. 10 Jiuxianqiao East Road, recognized as a National Green Data Center and a core Beijing interconnection hub.","sourceName":"Wikipedia (21Vianet)","sourceUrl":"https://en.wikipedia.org/wiki/21Vianet","confidence":"high","source":"hypergrid.davidtphung.com","attribution":"HYPERGRID datacenters layer","dataTruth":"Hypergrid curated DC registry from public sources; not live telemetry"}},{"type":"Feature","geometry":{"type":"Point","coordinates":[121.5878,31.3553]},"properties":{"id":"cn-shanghai-vnet-waigaoqiao","facility":"VNET Shanghai Waigaoqiao Data Center","operator":"VNET Group (21Vianet)","parentCompany":"VNET Group","country":"China","region":"Shanghai","city":"Shanghai","lat":31.3553,"lng":121.5878,"status":"operating","facilityType":"colocation","capacityMW":null,"aiOriented":true,"yearOperational":2015,"powerSource":"grid","summary":"VNET carrier-neutral data center in the Shanghai Waigaoqiao Free Trade Zone, adjacent to the metro and certified under Uptime M&O.","sourceName":"DatacenterDynamics","sourceUrl":"https://www.datacenterdynamics.com/en/news/21vianet-opens-shanghai-data-center/","confidence":"high","source":"hypergrid.davidtphung.com","attribution":"HYPERGRID datacenters layer","dataTruth":"Hypergrid curated DC registry from public sources; not live telemetry"}},{"type":"Feature","geometry":{"type":"Point","coordinates":[116.4074,39.9042]},"properties":{"id":"cn-beijing-sinnet-aws-bjs","facility":"AWS China (Beijing) Region, operated by Sinnet","operator":"Beijing Sinnet Technology","parentCompany":"Amazon Web Services","country":"China","region":"Beijing","city":"Beijing","lat":39.9042,"lng":116.4074,"status":"operating","facilityType":"cloud-region","capacityMW":null,"aiOriented":true,"yearOperational":2016,"powerSource":"grid","summary":"AWS China (Beijing) Region (cn-north-1) operated by local partner Sinnet, spanning three availability zones serving cloud and AI workloads in northern China.","sourceName":"AWS / DatacenterDynamics","sourceUrl":"https://www.datacenterdynamics.com/en/news/aws-announces-third-beijing-availability-zone-renames-company-locally-amid-trademark-dispute/","confidence":"high","source":"hypergrid.davidtphung.com","attribution":"HYPERGRID datacenters layer","dataTruth":"Hypergrid curated DC registry from public sources; not live telemetry"}},{"type":"Feature","geometry":{"type":"Point","coordinates":[116.4074,39.9042]},"properties":{"id":"cn-beijing-azure-china-north","facility":"Microsoft Azure China North (Beijing), operated by 21Vianet","operator":"Shanghai Blue Cloud (21Vianet)","parentCompany":"Microsoft","country":"China","region":"Beijing","city":"Beijing","lat":39.9042,"lng":116.4074,"status":"operating","facilityType":"cloud-region","capacityMW":null,"aiOriented":true,"yearOperational":2014,"powerSource":"grid","summary":"Azure China North region in Beijing, operated by 21Vianet subsidiary Shanghai Blue Cloud as a physically separated sovereign cloud instance.","sourceName":"Microsoft Learn","sourceUrl":"https://learn.microsoft.com/en-us/azure/china/overview-datacenter","confidence":"high","source":"hypergrid.davidtphung.com","attribution":"HYPERGRID datacenters layer","dataTruth":"Hypergrid curated DC registry from public sources; not live telemetry"}},{"type":"Feature","geometry":{"type":"Point","coordinates":[121.4737,31.2304]},"properties":{"id":"cn-shanghai-azure-china-east","facility":"Microsoft Azure China East (Shanghai), operated by 21Vianet","operator":"Shanghai Blue Cloud (21Vianet)","parentCompany":"Microsoft","country":"China","region":"Shanghai","city":"Shanghai","lat":31.2304,"lng":121.4737,"status":"operating","facilityType":"cloud-region","capacityMW":null,"aiOriented":true,"yearOperational":2014,"powerSource":"grid","summary":"Azure China East region in Shanghai, operated by 21Vianet as a sovereign cloud instance serving eastern China enterprise and AI customers.","sourceName":"Microsoft Learn","sourceUrl":"https://learn.microsoft.com/en-us/azure/china/overview-datacenter","confidence":"high","source":"hypergrid.davidtphung.com","attribution":"HYPERGRID datacenters layer","dataTruth":"Hypergrid curated DC registry from public sources; not live telemetry"}},{"type":"Feature","geometry":{"type":"Point","coordinates":[120.1551,30.2741]},"properties":{"id":"cn-hangzhou-alibaba-cloud","facility":"Alibaba Cloud China (Hangzhou) Region","operator":"Alibaba Cloud","parentCompany":"Alibaba Group","country":"China","region":"Zhejiang","city":"Hangzhou","lat":30.2741,"lng":120.1551,"status":"operating","facilityType":"cloud-region","capacityMW":null,"aiOriented":true,"yearOperational":2011,"powerSource":"grid","summary":"Alibaba Cloud's founding China (Hangzhou) region (cn-hangzhou) with eight availability zones, a primary hub for the operator's cloud and AI compute.","sourceName":"Digital Infra Network","sourceUrl":"https://dgtlinfra.com/alibaba-cloud-data-center-locations/","confidence":"high","source":"hypergrid.davidtphung.com","attribution":"HYPERGRID datacenters layer","dataTruth":"Hypergrid curated DC registry from public sources; not live telemetry"}},{"type":"Feature","geometry":{"type":"Point","coordinates":[120.8643,32.0142]},"properties":{"id":"cn-nantong-alibaba-cloud","facility":"Alibaba Cloud Nantong Data Center","operator":"Alibaba Cloud","parentCompany":"Alibaba Group","country":"China","region":"Jiangsu","city":"Nantong","lat":32.0142,"lng":120.8643,"status":"operating","facilityType":"hyperscale","capacityMW":null,"aiOriented":true,"yearOperational":2019,"powerSource":"grid","summary":"Alibaba Cloud hyperscale data center in Nantong using high-efficiency UPS and robotic operations, serving the Shanghai-adjacent Yangtze River Delta.","sourceName":"Alibaba Cloud","sourceUrl":"https://www.alibabacloud.com/help/en/ecs/user-guide/regions-and-zones","confidence":"medium","source":"hypergrid.davidtphung.com","attribution":"HYPERGRID datacenters layer","dataTruth":"Hypergrid curated DC registry from public sources; not live telemetry"}},{"type":"Feature","geometry":{"type":"Point","coordinates":[121.4737,31.2304]},"properties":{"id":"cn-shanghai-alibaba-cloud","facility":"Alibaba Cloud China (Shanghai) Region","operator":"Alibaba Cloud","parentCompany":"Alibaba Group","country":"China","region":"Shanghai","city":"Shanghai","lat":31.2304,"lng":121.4737,"status":"operating","facilityType":"cloud-region","capacityMW":null,"aiOriented":true,"yearOperational":2014,"powerSource":"grid","summary":"Alibaba Cloud China (Shanghai) region (cn-shanghai) with multiple availability zones serving financial, enterprise and AI workloads in eastern China.","sourceName":"Alibaba Cloud","sourceUrl":"https://www.alibabacloud.com/help/en/ecs/user-guide/regions-and-zones","confidence":"high","source":"hypergrid.davidtphung.com","attribution":"HYPERGRID datacenters layer","dataTruth":"Hypergrid curated DC registry from public sources; not live telemetry"}},{"type":"Feature","geometry":{"type":"Point","coordinates":[114.0579,22.5431]},"properties":{"id":"cn-shenzhen-tencent-cloud","facility":"Tencent Cloud Shenzhen Region","operator":"Tencent Cloud","parentCompany":"Tencent","country":"China","region":"Guangdong","city":"Shenzhen","lat":22.5431,"lng":114.0579,"status":"operating","facilityType":"cloud-region","capacityMW":null,"aiOriented":true,"yearOperational":2013,"powerSource":"grid","summary":"Tencent Cloud's home Shenzhen region (ap-shenzhen), a core mainland China hub adjacent to Tencent headquarters serving cloud and AI services.","sourceName":"Tencent Cloud","sourceUrl":"https://www.tencentcloud.com/document/product/215/31786","confidence":"high","source":"hypergrid.davidtphung.com","attribution":"HYPERGRID datacenters layer","dataTruth":"Hypergrid curated DC registry from public sources; not live telemetry"}},{"type":"Feature","geometry":{"type":"Point","coordinates":[121.1244,31.1496]},"properties":{"id":"cn-shanghai-tencent-qingpu","facility":"Tencent Shanghai Qingpu Data Center","operator":"Tencent Cloud","parentCompany":"Tencent","country":"China","region":"Shanghai","city":"Shanghai","lat":31.1496,"lng":121.1244,"status":"operating","facilityType":"hyperscale","capacityMW":null,"aiOriented":true,"yearOperational":2018,"powerSource":"grid","summary":"Tencent micro-modular hyperscale data center in Qingpu District, Shanghai, part of the company's Yangtze River Delta compute hub.","sourceName":"Baxtel","sourceUrl":"https://baxtel.com/data-center/tencent-shanghai-qingpu","confidence":"high","source":"hypergrid.davidtphung.com","attribution":"HYPERGRID datacenters layer","dataTruth":"Hypergrid curated DC registry from public sources; not live telemetry"}},{"type":"Feature","geometry":{"type":"Point","coordinates":[117.7,39.133]},"properties":{"id":"cn-tianjin-tencent-hightech","facility":"Tencent Tianjin High-tech Cloud Data Center","operator":"Tencent Cloud","parentCompany":"Tencent","country":"China","region":"Tianjin","city":"Tianjin","lat":39.133,"lng":117.7,"status":"operating","facilityType":"hyperscale","capacityMW":null,"aiOriented":true,"yearOperational":2018,"powerSource":"grid","summary":"Ultra-large-scale Tencent data center in Bolong Lake Science and Technology Park, Tianjin High-tech Zone, planned for 15,000 racks and 300,000 servers.","sourceName":"IDCNova","sourceUrl":"https://www.idcnova.com/html/1/59/153/1222.html","confidence":"high","source":"hypergrid.davidtphung.com","attribution":"HYPERGRID datacenters layer","dataTruth":"Hypergrid curated DC registry from public sources; not live telemetry"}},{"type":"Feature","geometry":{"type":"Point","coordinates":[113.2644,23.1291]},"properties":{"id":"cn-guangzhou-tencent-cloud","facility":"Tencent Cloud Guangzhou Region","operator":"Tencent Cloud","parentCompany":"Tencent","country":"China","region":"Guangdong","city":"Guangzhou","lat":23.1291,"lng":113.2644,"status":"operating","facilityType":"cloud-region","capacityMW":null,"aiOriented":true,"yearOperational":2014,"powerSource":"grid","summary":"Tencent Cloud Guangzhou region (ap-guangzhou), a major South China availability hub for cloud, gaming and AI workloads.","sourceName":"Tencent Cloud","sourceUrl":"https://www.tencentcloud.com/document/product/215/31786","confidence":"high","source":"hypergrid.davidtphung.com","attribution":"HYPERGRID datacenters layer","dataTruth":"Hypergrid curated DC registry from public sources; not live telemetry"}},{"type":"Feature","geometry":{"type":"Point","coordinates":[118.7969,32.0603]},"properties":{"id":"cn-nanjing-tencent-cloud","facility":"Tencent Cloud Nanjing Region","operator":"Tencent Cloud","parentCompany":"Tencent","country":"China","region":"Jiangsu","city":"Nanjing","lat":32.0603,"lng":118.7969,"status":"operating","facilityType":"cloud-region","capacityMW":null,"aiOriented":true,"yearOperational":2020,"powerSource":"grid","summary":"Tencent Cloud Nanjing region (ap-nanjing), an East China availability zone added to serve growing Yangtze River Delta cloud demand.","sourceName":"Tencent Cloud","sourceUrl":"https://www.tencentcloud.com/document/product/215/31786","confidence":"high","source":"hypergrid.davidtphung.com","attribution":"HYPERGRID datacenters layer","dataTruth":"Hypergrid curated DC registry from public sources; not live telemetry"}},{"type":"Feature","geometry":{"type":"Point","coordinates":[116.2978,40.0388]},"properties":{"id":"cn-beijing-baidu-aicloud","facility":"Baidu AI Cloud Beijing Region","operator":"Baidu AI Cloud","parentCompany":"Baidu","country":"China","region":"Beijing","city":"Beijing","lat":40.0388,"lng":116.2978,"status":"operating","facilityType":"ai-campus","capacityMW":null,"aiOriented":true,"yearOperational":2015,"powerSource":"grid","summary":"Baidu AI Cloud's primary Beijing region supporting the company's PaddlePaddle and Ernie AI workloads near its Haidian headquarters.","sourceName":"Baidu Intelligent Cloud","sourceUrl":"https://intl.cloud.baidu.com/","confidence":"medium","source":"hypergrid.davidtphung.com","attribution":"HYPERGRID datacenters layer","dataTruth":"Hypergrid curated DC registry from public sources; not live telemetry"}},{"type":"Feature","geometry":{"type":"Point","coordinates":[120.5853,31.2989]},"properties":{"id":"cn-suzhou-baidu-aicloud","facility":"Baidu AI Cloud Suzhou Region","operator":"Baidu AI Cloud","parentCompany":"Baidu","country":"China","region":"Jiangsu","city":"Suzhou","lat":31.2989,"lng":120.5853,"status":"operating","facilityType":"cloud-region","capacityMW":null,"aiOriented":true,"yearOperational":2018,"powerSource":"grid","summary":"Baidu AI Cloud East China region hosted in Suzhou, serving Yangtze River Delta enterprise and AI inference customers.","sourceName":"Baidu Intelligent Cloud","sourceUrl":"https://intl.cloud.baidu.com/","confidence":"low","source":"hypergrid.davidtphung.com","attribution":"HYPERGRID datacenters layer","dataTruth":"Hypergrid curated DC registry from public sources; not live telemetry"}},{"type":"Feature","geometry":{"type":"Point","coordinates":[121.4737,31.2304]},"properties":{"id":"cn-shanghai-bytedance-volcano","facility":"ByteDance Volcano Engine Shanghai Data Center","operator":"Volcano Engine (ByteDance)","parentCompany":"ByteDance","country":"China","region":"Shanghai","city":"Shanghai","lat":31.2304,"lng":121.4737,"status":"operating","facilityType":"ai-campus","capacityMW":null,"aiOriented":true,"yearOperational":2021,"powerSource":"grid","summary":"ByteDance Volcano Engine cloud and AI compute presence in Shanghai, part of the unit's domestic build-out for large-model training and inference.","sourceName":"DatacenterDynamics","sourceUrl":"https://www.datacenterdynamics.com/en/news/bytedance-to-offer-cloud-services-on-its-volcano-engine/","confidence":"medium","source":"hypergrid.davidtphung.com","attribution":"HYPERGRID datacenters layer","dataTruth":"Hypergrid curated DC registry from public sources; not live telemetry"}},{"type":"Feature","geometry":{"type":"Point","coordinates":[114.0579,22.5431]},"properties":{"id":"cn-shenzhen-bytedance-volcano","facility":"ByteDance Volcano Engine Shenzhen Data Center","operator":"Volcano Engine (ByteDance)","parentCompany":"ByteDance","country":"China","region":"Guangdong","city":"Shenzhen","lat":22.5431,"lng":114.0579,"status":"operating","facilityType":"ai-campus","capacityMW":null,"aiOriented":true,"yearOperational":2021,"powerSource":"grid","summary":"ByteDance Volcano Engine cloud region in Shenzhen serving South China AI and content-delivery workloads for the public cloud platform.","sourceName":"DatacenterDynamics","sourceUrl":"https://www.datacenterdynamics.com/en/news/bytedance-to-offer-cloud-services-on-its-volcano-engine/","confidence":"medium","source":"hypergrid.davidtphung.com","attribution":"HYPERGRID datacenters layer","dataTruth":"Hypergrid curated DC registry from public sources; not live telemetry"}},{"type":"Feature","geometry":{"type":"Point","coordinates":[113.4017,23.0469]},"properties":{"id":"cn-guangzhou-china-mobile-idc","facility":"China Mobile Guangzhou South Base Data Center","operator":"China Mobile","parentCompany":"China Mobile","country":"China","region":"Guangdong","city":"Guangzhou","lat":23.0469,"lng":113.4017,"status":"operating","facilityType":"hyperscale","capacityMW":null,"aiOriented":true,"yearOperational":2017,"powerSource":"grid","summary":"China Mobile's large South China IDC base in Guangzhou supporting carrier cloud, IDC colocation and AI compute for the Greater Bay Area.","sourceName":"Data Center Map","sourceUrl":"https://www.datacentermap.com/china/","confidence":"low","source":"hypergrid.davidtphung.com","attribution":"HYPERGRID datacenters layer","dataTruth":"Hypergrid curated DC registry from public sources; not live telemetry"}},{"type":"Feature","geometry":{"type":"Point","coordinates":[113.7518,23.0207]},"properties":{"id":"cn-dongguan-china-unicom-idc","facility":"China Unicom Dongguan Cloud Data Center","operator":"China Unicom","parentCompany":"China Unicom","country":"China","region":"Guangdong","city":"Dongguan","lat":23.0207,"lng":113.7518,"status":"operating","facilityType":"hyperscale","capacityMW":null,"aiOriented":true,"yearOperational":2019,"powerSource":"grid","summary":"China Unicom cloud data center in Dongguan serving the Guangdong Greater Bay Area cluster with carrier cloud and colocation capacity.","sourceName":"Data Center Map","sourceUrl":"https://www.datacentermap.com/china/","confidence":"low","source":"hypergrid.davidtphung.com","attribution":"HYPERGRID datacenters layer","dataTruth":"Hypergrid curated DC registry from public sources; not live telemetry"}},{"type":"Feature","geometry":{"type":"Point","coordinates":[113.1216,23.0218]},"properties":{"id":"cn-foshan-gds-fs","facility":"GDS Foshan Data Center","operator":"GDS Holdings","parentCompany":"GDS Holdings","country":"China","region":"Guangdong","city":"Foshan","lat":23.0218,"lng":113.1216,"status":"operating","facilityType":"hyperscale","capacityMW":null,"aiOriented":true,"yearOperational":2021,"powerSource":"grid","summary":"GDS Greater Bay Area hyperscale campus in Foshan supporting cloud customers across the Guangzhou-Shenzhen-Foshan cluster.","sourceName":"Data Center Map","sourceUrl":"https://www.datacentermap.com/c/gds/","confidence":"low","source":"hypergrid.davidtphung.com","attribution":"HYPERGRID datacenters layer","dataTruth":"Hypergrid curated DC registry from public sources; not live telemetry"}},{"type":"Feature","geometry":{"type":"Point","coordinates":[106.45,26.3667]},"properties":{"id":"cn-guian-tencent-7star","facility":"Tencent Gui'an Seven Star Data Center","operator":"Tencent Cloud","parentCompany":"Tencent","country":"China","region":"Guizhou","city":"Gui'an New Area","lat":26.3667,"lng":106.45,"status":"operating","facilityType":"hyperscale","capacityMW":null,"aiOriented":true,"yearOperational":2018,"powerSource":"Grid with Guizhou hydropower; underground mountain cooling","summary":"Tencent's flagship Gui'an facility is built into caverns under the mountains near Guiyang, using natural cooling and Guizhou's abundant hydropower to host hundreds of thousands of servers. It is a cornerstone of the Gui'an national computing hub.","sourceName":"Sinocities / Asia Times","sourceUrl":"https://sinocities.substack.com/p/mapping-chinas-inland-data-centers","confidence":"high","source":"hypergrid.davidtphung.com","attribution":"HYPERGRID datacenters layer","dataTruth":"Hypergrid curated DC registry from public sources; not live telemetry"}},{"type":"Feature","geometry":{"type":"Point","coordinates":[113.1325,40.9939]},"properties":{"id":"cn-ulanqab-apple-2","facility":"Apple Ulanqab Data Center","operator":"Apple","parentCompany":"Apple","country":"China","region":"Inner Mongolia","city":"Ulanqab","lat":40.9939,"lng":113.1325,"status":"operating","facilityType":"cloud-region","capacityMW":null,"aiOriented":true,"yearOperational":2020,"powerSource":"Wind and solar (Inner Mongolia grassland renewables)","summary":"Apple's second mainland China data center sits in Ulanqab's Grassland Big Data Valley, drawing on Inner Mongolia's wind and solar resources. It became operational in 2020.","sourceName":"Baxtel","sourceUrl":"https://baxtel.com/data-center/apple-ulanqab-city","confidence":"high","source":"hypergrid.davidtphung.com","attribution":"HYPERGRID datacenters layer","dataTruth":"Hypergrid curated DC registry from public sources; not live telemetry"}},{"type":"Feature","geometry":{"type":"Point","coordinates":[111.8,40.355]},"properties":{"id":"cn-horinger-chinaunicom","facility":"China Unicom Inner Mongolia (Horinger) Cloud Data Center","operator":"China Unicom","parentCompany":"China Unicom","country":"China","region":"Inner Mongolia","city":"Hohhot (Horinger)","lat":40.355,"lng":111.8,"status":"operating","facilityType":"hyperscale","capacityMW":null,"aiOriented":true,"yearOperational":2014,"powerSource":"Grid with Inner Mongolia wind and solar, free cooling","summary":"China Unicom operates a large cloud data base in the Horinger cluster south of Hohhot, part of the China Cloud Valley concentration of the three state telecom operators. It supports national cloud and big data services.","sourceName":"DatacenterMap","sourceUrl":"https://www.datacenters.com/locations/china/inner-mongolia/hohhot","confidence":"medium","source":"hypergrid.davidtphung.com","attribution":"HYPERGRID datacenters layer","dataTruth":"Hypergrid curated DC registry from public sources; not live telemetry"}},{"type":"Feature","geometry":{"type":"Point","coordinates":[105.1667,37.4833]},"properties":{"id":"cn-zhongwei-telecom-cluster","facility":"Zhongwei National Cluster Telecom Data Centers","operator":"China Mobile / Telecom / Unicom","parentCompany":"China Mobile","country":"China","region":"Ningxia","city":"Zhongwei","lat":37.4833,"lng":105.1667,"status":"construction","facilityType":"hyperscale","capacityMW":null,"aiOriented":true,"yearOperational":null,"powerSource":"Grid with Ningxia desert solar and wind","summary":"The three state telecom operators are building data centers in Zhongwei as part of the Ningxia national hub node under the East Data West Compute plan, serving eastern demand with low-cost desert solar power.","sourceName":"Sinocities","sourceUrl":"https://sinocities.substack.com/p/mapping-chinas-inland-data-centers","confidence":"medium","source":"hypergrid.davidtphung.com","attribution":"HYPERGRID datacenters layer","dataTruth":"Hypergrid curated DC registry from public sources; not live telemetry"}},{"type":"Feature","geometry":{"type":"Point","coordinates":[107.6333,35.7333]},"properties":{"id":"cn-qingyang-chinatelecom","facility":"China Telecom Gansu (Qingyang) Cloud and Big Data Center","operator":"China Telecom","parentCompany":"China Telecom","country":"China","region":"Gansu","city":"Qingyang","lat":35.7333,"lng":107.6333,"status":"construction","facilityType":"hyperscale","capacityMW":null,"aiOriented":true,"yearOperational":null,"powerSource":"Grid with Gansu wind and solar; 8KW high-density racks","summary":"China Telecom Gansu is building a cloud and big data center in Qingyang with about 2,000 high-density 8KW racks, part of the Gansu national hub node investment of 447 million CNY. It serves Beijing-Tianjin-Hebei and the Greater Bay Area.","sourceName":"Idcnova","sourceUrl":"https://www.idcnova.com/html/1/59/153/1171.html","confidence":"high","source":"hypergrid.davidtphung.com","attribution":"HYPERGRID datacenters layer","dataTruth":"Hypergrid curated DC registry from public sources; not live telemetry"}},{"type":"Feature","geometry":{"type":"Point","coordinates":[107.65,35.71]},"properties":{"id":"cn-qingyang-chindata","facility":"Chindata Qingyang Computing Hub Campus","operator":"Chindata (Bridge Data Centres)","parentCompany":"Chindata Group","country":"China","region":"Gansu","city":"Qingyang","lat":35.71,"lng":107.65,"status":"construction","facilityType":"ai-campus","capacityMW":null,"aiOriented":true,"yearOperational":null,"powerSource":"Gansu wind and solar, green-power dedicated supply","summary":"Chindata registered a subsidiary in Qingyang as part of the Gansu computing hub, joining over 150 firms backing the city's 19.26 billion yuan data center buildout that exceeds 7,000 petaflops of computing power.","sourceName":"China Daily","sourceUrl":"https://www.chinadaily.com.cn/a/202406/19/WS66723f96a31095c51c509b1c.html","confidence":"medium","source":"hypergrid.davidtphung.com","attribution":"HYPERGRID datacenters layer","dataTruth":"Hypergrid curated DC registry from public sources; not live telemetry"}},{"type":"Feature","geometry":{"type":"Point","coordinates":[107.62,35.72]},"properties":{"id":"cn-qingyang-kingsoft","facility":"Kingsoft Cloud Qingyang Data Center","operator":"Kingsoft Cloud","parentCompany":"Xiaomi / Kingsoft","country":"China","region":"Gansu","city":"Qingyang","lat":35.72,"lng":107.62,"status":"operating","facilityType":"cloud-region","capacityMW":null,"aiOriented":true,"yearOperational":2023,"powerSource":"Gansu wind and solar, green computing cluster","summary":"Kingsoft Cloud is among the anchor cloud tenants in Qingyang's green data center cluster, which serves eastern China regions under the East Data West Compute strategy with abundant renewable power.","sourceName":"Sinocities","sourceUrl":"https://sinocities.substack.com/p/china-is-trying-to-create-a-national","confidence":"medium","source":"hypergrid.davidtphung.com","attribution":"HYPERGRID datacenters layer","dataTruth":"Hypergrid curated DC registry from public sources; not live telemetry"}},{"type":"Feature","geometry":{"type":"Point","coordinates":[103.8343,36.0611]},"properties":{"id":"cn-lanzhou-chinatelecom-hub2","facility":"China Telecom Lanzhou Second Hub Data Center","operator":"China Telecom","parentCompany":"China Telecom","country":"China","region":"Gansu","city":"Lanzhou","lat":36.0611,"lng":103.8343,"status":"operating","facilityType":"hyperscale","capacityMW":null,"aiOriented":true,"yearOperational":2021,"powerSource":"Grid with Gansu hydropower, wind and solar","summary":"China Telecom's Lanzhou Second Hub data center anchors the Gansu provincial backbone in Lanzhou New Area, connecting Qingyang computing hub traffic toward eastern demand centers.","sourceName":"DatacenterMap","sourceUrl":"https://www.datacentermap.com/china/lanzhou/","confidence":"medium","source":"hypergrid.davidtphung.com","attribution":"HYPERGRID datacenters layer","dataTruth":"Hypergrid curated DC registry from public sources; not live telemetry"}},{"type":"Feature","geometry":{"type":"Point","coordinates":[114.7139,41.1561]},"properties":{"id":"cn-zhangbei-alibaba","facility":"Alibaba Cloud Zhangbei (Zhangjiakou) Data Center","operator":"Alibaba Cloud","parentCompany":"Alibaba","country":"China","region":"Hebei","city":"Zhangbei (Zhangjiakou)","lat":41.1561,"lng":114.7139,"status":"operating","facilityType":"hyperscale","capacityMW":null,"aiOriented":true,"yearOperational":2016,"powerSource":"On-site wind and solar arrays, free cooling","summary":"Alibaba opened its Zhangbei County campus in 2016 with associated wind and solar arrays in the Zhangjiakou Renewable Energy Demonstration Zone. It is a core northern China availability zone for Alibaba Cloud.","sourceName":"Sinocities","sourceUrl":"https://sinocities.substack.com/p/mapping-chinas-inland-data-centers","confidence":"high","source":"hypergrid.davidtphung.com","attribution":"HYPERGRID datacenters layer","dataTruth":"Hypergrid curated DC registry from public sources; not live telemetry"}},{"type":"Feature","geometry":{"type":"Point","coordinates":[115.5167,40.4]},"properties":{"id":"cn-huailai-tencent","facility":"Tencent Huailai Data Center","operator":"Tencent Cloud","parentCompany":"Tencent","country":"China","region":"Hebei","city":"Huailai (Zhangjiakou)","lat":40.4,"lng":115.5167,"status":"operating","facilityType":"hyperscale","capacityMW":null,"aiOriented":true,"yearOperational":2018,"powerSource":"Zhangjiakou wind power, free cooling","summary":"Tencent operates a major data center in Huailai County just across the Beijing border, part of the southern Zhangjiakou cluster using Zhangjiakou demonstration-zone wind power.","sourceName":"Sinocities","sourceUrl":"https://sinocities.substack.com/p/chinas-data-center-boom-a-view-from","confidence":"high","source":"hypergrid.davidtphung.com","attribution":"HYPERGRID datacenters layer","dataTruth":"Hypergrid curated DC registry from public sources; not live telemetry"}},{"type":"Feature","geometry":{"type":"Point","coordinates":[115.49,40.42]},"properties":{"id":"cn-huailai-gds","facility":"GDS Huailai/Zhangjiakou Hyperscale Campus","operator":"GDS Holdings","parentCompany":"GDS","country":"China","region":"Hebei","city":"Huailai (Zhangjiakou)","lat":40.42,"lng":115.49,"status":"operating","facilityType":"hyperscale","capacityMW":null,"aiOriented":true,"yearOperational":2020,"powerSource":"Zhangjiakou wind and solar, free cooling","summary":"GDS operates hyperscale capacity in the Zhangjiakou area near renewable energy infrastructure, serving Beijing-region cloud demand under the East Data West Compute model. GDS is China's largest carrier-neutral operator.","sourceName":"DatacenterMap (GDS)","sourceUrl":"https://www.datacentermap.com/c/gds/","confidence":"medium","source":"hypergrid.davidtphung.com","attribution":"HYPERGRID datacenters layer","dataTruth":"Hypergrid curated DC registry from public sources; not live telemetry"}},{"type":"Feature","geometry":{"type":"Point","coordinates":[113.3,40.0764]},"properties":{"id":"cn-datong-bytedance","facility":"ByteDance Datong (Shanxi) AI Data Center","operator":"ByteDance (Volcengine)","parentCompany":"ByteDance","country":"China","region":"Shanxi","city":"Datong","lat":40.0764,"lng":113.3,"status":"construction","facilityType":"ai-campus","capacityMW":null,"aiOriented":true,"yearOperational":null,"powerSource":"Shanxi grid with wind and solar","summary":"ByteDance is developing a roughly USD 614 million AI-focused data center in Shanxi province near Datong to support its Volcengine cloud and large-model training workloads.","sourceName":"DatacenterDynamics","sourceUrl":"https://www.datacenterdynamics.com/en/news/bytedance-to-develop-614m-ai-data-center-in-shanxi-province-china/","confidence":"medium","source":"hypergrid.davidtphung.com","attribution":"HYPERGRID datacenters layer","dataTruth":"Hypergrid curated DC registry from public sources; not live telemetry"}},{"type":"Feature","geometry":{"type":"Point","coordinates":[104.0667,30.4167]},"properties":{"id":"cn-chengdu-chinatelecom-tianfu","facility":"China Telecom Chengdu Tianfu Cloud Computing Center","operator":"China Telecom","parentCompany":"China Telecom","country":"China","region":"Sichuan","city":"Chengdu","lat":30.4167,"lng":104.0667,"status":"operating","facilityType":"hyperscale","capacityMW":null,"aiOriented":true,"yearOperational":2021,"powerSource":"Sichuan hydropower-heavy grid, free cooling","summary":"China Telecom anchors the Tianfu New Area computing cluster in Chengdu, part of the Chengdu-Chongqing national hub. The region benefits from Sichuan's abundant hydropower for green compute.","sourceName":"Sinocities","sourceUrl":"https://sinocities.substack.com/p/how-is-chinas-eastern-data-western","confidence":"medium","source":"hypergrid.davidtphung.com","attribution":"HYPERGRID datacenters layer","dataTruth":"Hypergrid curated DC registry from public sources; not live telemetry"}},{"type":"Feature","geometry":{"type":"Point","coordinates":[104.0668,30.5728]},"properties":{"id":"cn-chengdu-tencent-cloud","facility":"Tencent Cloud Chengdu Data Center","operator":"Tencent Cloud","parentCompany":"Tencent","country":"China","region":"Sichuan","city":"Chengdu","lat":30.5728,"lng":104.0668,"status":"operating","facilityType":"cloud-region","capacityMW":null,"aiOriented":true,"yearOperational":2020,"powerSource":"Sichuan hydropower-heavy grid","summary":"Tencent Cloud operates a Chengdu availability region serving southwest China, drawing on Sichuan's hydropower within the Chengdu-Chongqing national computing hub.","sourceName":"Tencent Cloud / Wikipedia","sourceUrl":"https://en.wikipedia.org/wiki/Tencent_Cloud","confidence":"medium","source":"hypergrid.davidtphung.com","attribution":"HYPERGRID datacenters layer","dataTruth":"Hypergrid curated DC registry from public sources; not live telemetry"}},{"type":"Feature","geometry":{"type":"Point","coordinates":[106.5507,29.5647]},"properties":{"id":"cn-chongqing-chinatelecom","facility":"China Telecom Chongqing Cloud Computing Data Center","operator":"China Telecom","parentCompany":"China Telecom","country":"China","region":"Chongqing","city":"Chongqing","lat":29.5647,"lng":106.5507,"status":"operating","facilityType":"hyperscale","capacityMW":null,"aiOriented":true,"yearOperational":2020,"powerSource":"Southwest grid with hydropower","summary":"China Telecom operates large cloud data center capacity in Chongqing, the second cluster of the Chengdu-Chongqing national hub serving western and eastern computing demand.","sourceName":"China Telecom Americas","sourceUrl":"https://www.ctamericas.com/blog/what-you-need-to-know-about-the-chinese-data-center-market/","confidence":"medium","source":"hypergrid.davidtphung.com","attribution":"HYPERGRID datacenters layer","dataTruth":"Hypergrid curated DC registry from public sources; not live telemetry"}},{"type":"Feature","geometry":{"type":"Point","coordinates":[84.8892,45.5798]},"properties":{"id":"cn-karamay-chinamobile-aidc","facility":"China Mobile Karamay Intelligent Computing Center","operator":"China Mobile","parentCompany":"China Mobile","country":"China","region":"Xinjiang","city":"Karamay","lat":45.5798,"lng":84.8892,"status":"operating","facilityType":"ai-campus","capacityMW":null,"aiOriented":true,"yearOperational":2024,"powerSource":"Xinjiang wind and solar, low ambient temperature","summary":"China Mobile's Karamay intelligent computing center opened in March 2024 as the largest AI compute center in northwest China, designed for 14,000 cabinets. Karamay's cool climate enables roughly half the year without air conditioning.","sourceName":"People's Daily","sourceUrl":"https://en.people.cn/n3/2024/1014/c90000-20229291.html","confidence":"high","source":"hypergrid.davidtphung.com","attribution":"HYPERGRID datacenters layer","dataTruth":"Hypergrid curated DC registry from public sources; not live telemetry"}},{"type":"Feature","geometry":{"type":"Point","coordinates":[109.7811,39.6086]},"properties":{"id":"cn-ordos-chindata","facility":"Chindata Ordos / Inner Mongolia Hyperscale Campus","operator":"Chindata (Bridge Data Centres)","parentCompany":"Chindata Group","country":"China","region":"Inner Mongolia","city":"Ordos","lat":39.6086,"lng":109.7811,"status":"construction","facilityType":"ai-campus","capacityMW":null,"aiOriented":true,"yearOperational":null,"powerSource":"Inner Mongolia wind and solar, dedicated green power","summary":"Chindata is expanding hyperscale AI capacity in the Ordos area of Inner Mongolia, tapping abundant wind and solar to serve eastern China clients including ByteDance under the East Data West Compute framework.","sourceName":"Chindata Group SEC filing","sourceUrl":"https://www.sec.gov/Archives/edgar/data/0001807192/000119312523034103/d282677dex994.htm","confidence":"low","source":"hypergrid.davidtphung.com","attribution":"HYPERGRID datacenters layer","dataTruth":"Hypergrid curated DC registry from public sources; not live telemetry"}},{"type":"Feature","geometry":{"type":"Point","coordinates":[114.412,30.459]},"properties":{"id":"cn-wuhan-central-intelligent-computing","facility":"Wuhan Central Intelligent Computing Center","operator":"Wuhan Artificial Intelligence Computing Center","parentCompany":"Huawei Cloud","country":"China","region":"Hubei","city":"Wuhan","lat":30.459,"lng":114.412,"status":"operating","facilityType":"ai-campus","capacityMW":null,"aiOriented":true,"yearOperational":2021,"powerSource":"grid","summary":"Ascend-based AI computing hub in Wuhan East Lake High-tech Zone built with Huawei, used to train large language models with trillions of parameters. A flagship of China's domestic AI compute push.","sourceName":"Data Center Dynamics","sourceUrl":"https://www.datacenterdynamics.com/en/news/fully-chinese-made-supercomputer-for-ai-training-reportedly-unveiled-in-wuhan/","confidence":"medium","source":"hypergrid.davidtphung.com","attribution":"HYPERGRID datacenters layer","dataTruth":"Hypergrid curated DC registry from public sources; not live telemetry"}},{"type":"Feature","geometry":{"type":"Point","coordinates":[103.933,30.564]},"properties":{"id":"cn-chengdu-alibaba-west","facility":"Alibaba Cloud Chengdu Region","operator":"Alibaba Cloud","parentCompany":"Alibaba Group","country":"China","region":"Sichuan","city":"Chengdu","lat":30.564,"lng":103.933,"status":"operating","facilityType":"cloud-region","capacityMW":null,"aiOriented":true,"yearOperational":null,"powerSource":"grid","summary":"Alibaba Cloud's Chengdu region serving southwest China, located near Tiansheng Road in the High-tech Industry West Park. Provides public cloud and AI compute for the Chengdu-Chongqing economic circle.","sourceName":"Alibaba Cloud Global Locations","sourceUrl":"https://www.alibabacloud.com/en/global-locations","confidence":"medium","source":"hypergrid.davidtphung.com","attribution":"HYPERGRID datacenters layer","dataTruth":"Hypergrid curated DC registry from public sources; not live telemetry"}},{"type":"Feature","geometry":{"type":"Point","coordinates":[106.27,29.716]},"properties":{"id":"cn-chongqing-tencent-cloud-computing","facility":"Tencent Chongqing Cloud Computing Data Center","operator":"Tencent Cloud","parentCompany":"Tencent","country":"China","region":"Chongqing","city":"Chongqing","lat":29.716,"lng":106.27,"status":"operating","facilityType":"hyperscale","capacityMW":null,"aiOriented":true,"yearOperational":2018,"powerSource":"renewable","summary":"Hyperscale Tencent campus on Taihe Road in Chongqing with capacity for up to 200,000 servers across two phases, powered by renewable energy and certified a National Green Data Center in 2020.","sourceName":"Baxtel","sourceUrl":"https://baxtel.com/data-center/tencent-chongqing-cloud-computing","confidence":"high","source":"hypergrid.davidtphung.com","attribution":"HYPERGRID datacenters layer","dataTruth":"Hypergrid curated DC registry from public sources; not live telemetry"}},{"type":"Feature","geometry":{"type":"Point","coordinates":[126.63,45.75]},"properties":{"id":"cn-harbin-chinamobile-campus","facility":"China Mobile Harbin Data Center Campus","operator":"China Mobile","parentCompany":"China Mobile","country":"China","region":"Heilongjiang","city":"Harbin","lat":45.75,"lng":126.63,"status":"operating","facilityType":"hyperscale","capacityMW":null,"aiOriented":true,"yearOperational":null,"powerSource":"grid","summary":"Large China Mobile campus in Harbin with around 50,000 racks across 52 building modules plus office, teaching and dormitory space, leveraging the cold northern climate for efficient cooling and planned intelligent computing.","sourceName":"WZMH Architects","sourceUrl":"https://www.wzmh.com/projects/china-mobile-data-centre/","confidence":"medium","source":"hypergrid.davidtphung.com","attribution":"HYPERGRID datacenters layer","dataTruth":"Hypergrid curated DC registry from public sources; not live telemetry"}},{"type":"Feature","geometry":{"type":"Point","coordinates":[-74.0721,4.711]},"properties":{"id":"co-bogota-equinix-bg2","facility":"Equinix BG2","operator":"Equinix","parentCompany":"Equinix","country":"Colombia","region":"Cundinamarca","city":"Bogota","lat":4.711,"lng":-74.0721,"status":"operating","facilityType":"colocation","capacityMW":6.27,"aiOriented":true,"yearOperational":2022,"powerSource":"100% renewable","summary":"Equinix IBX in Bogota's Zona Franca trade zone, one of the larger colocation facilities in Colombia, on renewable power.","sourceName":"Data Center Map","sourceUrl":"https://www.datacentermap.com/colombia/bogota/equinix-bg2/","confidence":"medium","source":"hypergrid.davidtphung.com","attribution":"HYPERGRID datacenters layer","dataTruth":"Hypergrid curated DC registry from public sources; not live telemetry"}},{"type":"Feature","geometry":{"type":"Point","coordinates":[12.5683,55.6761]},"properties":{"id":"dk-copenhagen-digitalrealty-cph3","facility":"Digital Realty CPH3","operator":"Digital Realty","parentCompany":"Digital Realty","country":"Denmark","region":"Capital Region","city":"Copenhagen","lat":55.6761,"lng":12.5683,"status":"operating","facilityType":"colocation","capacityMW":4.8,"aiOriented":true,"yearOperational":2019,"powerSource":"wind/renewable grid","summary":"Copenhagen colocation facility with 4.8 MW of built-out capacity, part of Digital Realty's Nordic connectivity platform.","sourceName":"Digital Realty","sourceUrl":"https://www.digitalrealty.com/data-centers/emea/copenhagen","confidence":"medium","source":"hypergrid.davidtphung.com","attribution":"HYPERGRID datacenters layer","dataTruth":"Hypergrid curated DC registry from public sources; not live telemetry"}},{"type":"Feature","geometry":{"type":"Point","coordinates":[27.1972,60.5694]},"properties":{"id":"fi-hamina-google-finland","facility":"Google Hamina","operator":"Google","parentCompany":"Alphabet","country":"Finland","region":"Kymenlaakso","city":"Hamina","lat":60.5694,"lng":27.1972,"status":"operating","facilityType":"hyperscale","capacityMW":80,"aiOriented":true,"yearOperational":2011,"powerSource":"seawater cooling + renewable","summary":"Former paper mill on the Gulf of Finland converted by Google, known for its seawater cooling system and ongoing capacity expansion.","sourceName":"Google","sourceUrl":"https://datacenters.google/locations/hamina-finland/","confidence":"high","source":"hypergrid.davidtphung.com","attribution":"HYPERGRID datacenters layer","dataTruth":"Hypergrid curated DC registry from public sources; not live telemetry"}},{"type":"Feature","geometry":{"type":"Point","coordinates":[2.2167,48.6406]},"properties":{"id":"fr-paris-data4-par1","facility":"Data4 Paris PAR1 (Marcoussis)","operator":"Data4","parentCompany":"Data4","country":"France","region":"Ile-de-France","city":"Marcoussis","lat":48.6406,"lng":2.2167,"status":"operating","facilityType":"hyperscale","capacityMW":250,"aiOriented":true,"yearOperational":2008,"powerSource":"low-carbon nuclear grid","summary":"Data4's flagship Paris-Saclay campus south of Paris, with around 250 MW of planned power across more than 20 buildings, anchoring the Paris FLAP-D market.","sourceName":"Data4","sourceUrl":"https://www.data4group.com/en/data-center-in-paris-france/","confidence":"medium","source":"hypergrid.davidtphung.com","attribution":"HYPERGRID datacenters layer","dataTruth":"Hypergrid curated DC registry from public sources; not live telemetry"}},{"type":"Feature","geometry":{"type":"Point","coordinates":[2.3574,48.9362]},"properties":{"id":"fr-paris-equinix-pa8","facility":"Equinix PA8","operator":"Equinix","parentCompany":"Equinix","country":"France","region":"Ile-de-France","city":"Saint-Denis","lat":48.9362,"lng":2.3574,"status":"operating","facilityType":"colocation","capacityMW":34,"aiOriented":true,"yearOperational":2021,"powerSource":"low-carbon nuclear grid","summary":"Equinix's large Paris IBX in Saint-Denis, expanding the company's interconnection footprint in the Paris market.","sourceName":"Equinix","sourceUrl":"https://www.equinix.com/data-centers/europe-colocation/france-colocation/paris-data-centers/pa8","confidence":"medium","source":"hypergrid.davidtphung.com","attribution":"HYPERGRID datacenters layer","dataTruth":"Hypergrid curated DC registry from public sources; not live telemetry"}},{"type":"Feature","geometry":{"type":"Point","coordinates":[5.336,43.352]},"properties":{"id":"fr-marseille-digitalrealty-mrs4","facility":"Digital Realty MRS4","operator":"Digital Realty","parentCompany":"Digital Realty","country":"France","region":"Provence-Alpes-Cote d'Azur","city":"Marseille","lat":43.352,"lng":5.336,"status":"operating","facilityType":"colocation","capacityMW":20,"aiOriented":true,"yearOperational":2023,"powerSource":"low-carbon nuclear grid","summary":"Subsea cable gateway facility with access to multiple submarine cables, reinforcing Marseille as a major Europe-to-Asia connectivity hub.","sourceName":"Digital Realty","sourceUrl":"https://www.digitalrealty.com/data-centers/emea/marseille","confidence":"high","source":"hypergrid.davidtphung.com","attribution":"HYPERGRID datacenters layer","dataTruth":"Hypergrid curated DC registry from public sources; not live telemetry"}},{"type":"Feature","geometry":{"type":"Point","coordinates":[8.6821,50.1109]},"properties":{"id":"google-europe-west3-frankfurt","facility":"Google Cloud Frankfurt (europe-west3)","operator":"Google Cloud","parentCompany":"Alphabet","country":"Germany","region":"Hesse","city":"Frankfurt","lat":50.1109,"lng":8.6821,"status":"operating","facilityType":"cloud-region","capacityMW":200,"aiOriented":true,"yearOperational":2017,"powerSource":"mixed","summary":"Google's primary German cloud region serving the DACH market under EU data protection law, interconnected with DE-CIX. Handles mixed cloud and AI workloads.","sourceName":"AI Data Center Index","sourceUrl":"https://aidatacenterindex.com/datacenters/google-frankfurt-europe-west3-germany.html","confidence":"high","source":"hypergrid.davidtphung.com","attribution":"HYPERGRID datacenters layer","dataTruth":"Hypergrid curated DC registry from public sources; not live telemetry"}},{"type":"Feature","geometry":{"type":"Point","coordinates":[8.5836,50.0982]},"properties":{"id":"de-frankfurt-cyrusone-fra7","facility":"CyrusOne FRA7","operator":"CyrusOne","parentCompany":"CyrusOne","country":"Germany","region":"Hesse","city":"Frankfurt","lat":50.0982,"lng":8.5836,"status":"construction","facilityType":"hyperscale","capacityMW":81,"aiOriented":true,"yearOperational":2026,"powerSource":"renewable grid","summary":"Hyperscale build at Stroofstrasse in Griesheim within the Frankfurt Westside regeneration project, planned for 81 MW of IT capacity across two buildings. First phase expected Q2 2026.","sourceName":"CyrusOne","sourceUrl":"https://www.cyrusone.com/data-centers/emea/frankfurt-germany-fra7","confidence":"high","source":"hypergrid.davidtphung.com","attribution":"HYPERGRID datacenters layer","dataTruth":"Hypergrid curated DC registry from public sources; not live telemetry"}},{"type":"Feature","geometry":{"type":"Point","coordinates":[13.5644,52.5478]},"properties":{"id":"de-berlin-vantage-ber1","facility":"Vantage Berlin Campus (BER1)","operator":"Vantage Data Centers","parentCompany":"Vantage Data Centers","country":"Germany","region":"Brandenburg","city":"Berlin","lat":52.5478,"lng":13.5644,"status":"construction","facilityType":"hyperscale","capacityMW":64,"aiOriented":true,"yearOperational":2026,"powerSource":"Grid with renewable","summary":"Vantage is building a 64 MW hyperscale campus in the Berlin area as part of its European expansion supporting hyperscale and AI tenants.","sourceName":"Techerati","sourceUrl":"https://www.techerati.com/news-hub/vantage-data-centers-to-build-five-hyperscale-facilities-in-europe/","confidence":"medium","source":"hypergrid.davidtphung.com","attribution":"HYPERGRID datacenters layer","dataTruth":"Hypergrid curated DC registry from public sources; not live telemetry"}},{"type":"Feature","geometry":{"type":"Point","coordinates":[8.7456,50.1503]},"properties":{"id":"de-frankfurt-ironmountain-fra1","facility":"Iron Mountain FRA-1","operator":"Iron Mountain","parentCompany":"Iron Mountain","country":"Germany","region":"Hesse","city":"Frankfurt","lat":50.1503,"lng":8.7456,"status":"operating","facilityType":"colocation","capacityMW":27,"aiOriented":true,"yearOperational":2021,"powerSource":"renewable grid","summary":"Greenfield 27 MW colocation facility at Borsigallee on a 2.6 hectare site about 5 km from central Frankfurt.","sourceName":"Iron Mountain","sourceUrl":"https://www.ironmountain.com/data-centers/locations/frankfurt-data-center","confidence":"high","source":"hypergrid.davidtphung.com","attribution":"HYPERGRID datacenters layer","dataTruth":"Hypergrid curated DC registry from public sources; not live telemetry"}},{"type":"Feature","geometry":{"type":"Point","coordinates":[13.405,52.52]},"properties":{"id":"de-berlin-ntt-ber1","facility":"NTT Berlin 1","operator":"NTT","parentCompany":"NTT","country":"Germany","region":"Berlin","city":"Berlin","lat":52.52,"lng":13.405,"status":"operating","facilityType":"colocation","capacityMW":15,"aiOriented":true,"yearOperational":2021,"powerSource":"renewable grid","summary":"NTT Global Data Centers facility serving the growing Berlin and Brandenburg cloud market.","sourceName":"NTT Global Data Centers","sourceUrl":"https://services.global.ntt/en-us/services-and-products/global-data-centers/global-locations/emea","confidence":"medium","source":"hypergrid.davidtphung.com","attribution":"HYPERGRID datacenters layer","dataTruth":"Hypergrid curated DC registry from public sources; not live telemetry"}},{"type":"Feature","geometry":{"type":"Point","coordinates":[8.6821,50.1109]},"properties":{"id":"de-frankfurt-equinix-fr8","facility":"Equinix FR8","operator":"Equinix","parentCompany":"Equinix","country":"Germany","region":"Hesse","city":"Frankfurt","lat":50.1109,"lng":8.6821,"status":"operating","facilityType":"colocation","capacityMW":13.5,"aiOriented":true,"yearOperational":2019,"powerSource":"100% renewable grid","summary":"Equinix interconnection hub on the Larchenstrasse campus with direct access to more than 800 networks. A core node of the Frankfurt FLAP-D market.","sourceName":"Equinix","sourceUrl":"https://www.equinix.com/data-centers/europe-colocation/germany-colocation/frankfurt-data-centers/fr8","confidence":"high","source":"hypergrid.davidtphung.com","attribution":"HYPERGRID datacenters layer","dataTruth":"Hypergrid curated DC registry from public sources; not live telemetry"}},{"type":"Feature","geometry":{"type":"Point","coordinates":[114.113,22.37]},"properties":{"id":"hk-hongkong-equinix-hk1","facility":"Equinix HK1","operator":"Equinix","parentCompany":"Equinix","country":"Hong Kong","region":"Asia Pacific","city":"Hong Kong","lat":22.37,"lng":114.113,"status":"operating","facilityType":"colocation","capacityMW":15,"aiOriented":true,"yearOperational":2008,"powerSource":"grid","summary":"Equinix IBX in Hong Kong serving as a key interconnection hub for North Asia cloud and financial services traffic.","sourceName":"Equinix","sourceUrl":"https://www.equinix.com/data-centers/asia-pacific-colocation","confidence":"low","source":"hypergrid.davidtphung.com","attribution":"HYPERGRID datacenters layer","dataTruth":"Hypergrid curated DC registry from public sources; not live telemetry"}},{"type":"Feature","geometry":{"type":"Point","coordinates":[114.253,22.305]},"properties":{"id":"hk-tko-equinix-hk5","facility":"Equinix Hong Kong HK5","operator":"Equinix","parentCompany":"Equinix","country":"Hong Kong","region":"Hong Kong","city":"Tseung Kwan O","lat":22.305,"lng":114.253,"status":"operating","facilityType":"colocation","capacityMW":null,"aiOriented":true,"yearOperational":2017,"powerSource":"grid","summary":"Equinix HK5 occupies a purpose-built 10-story tower at 299 Wan Po Road, Tseung Kwan O, leased within SUNeVision's MEGA Plus building. Opened in 2017 as Hong Kong's first DC on land zoned for data centers, connected to subsea cable landings.","sourceName":"Baxtel","sourceUrl":"https://baxtel.com/data-center/equinix-hong-kong-hk5","confidence":"high","source":"hypergrid.davidtphung.com","attribution":"HYPERGRID datacenters layer","dataTruth":"Hypergrid curated DC registry from public sources; not live telemetry"}},{"type":"Feature","geometry":{"type":"Point","coordinates":[114.258,22.312]},"properties":{"id":"hk-tko-iadvantage-mega-idc","facility":"iAdvantage MEGA IDC","operator":"iAdvantage","parentCompany":"SUNeVision","country":"Hong Kong","region":"Hong Kong","city":"Tseung Kwan O","lat":22.312,"lng":114.258,"status":"construction","facilityType":"hyperscale","capacityMW":null,"aiOriented":true,"yearOperational":2024,"powerSource":"grid","summary":"SUNeVision iAdvantage's MEGA IDC (TKOTL 131) at 131 Wan Po Road, Tseung Kwan O, a roughly 1.2 million sq ft campus being built in phases through 2030, set to be Hong Kong's largest hyperscale facility by power capacity.","sourceName":"Baxtel","sourceUrl":"https://baxtel.com/data-center/iadvantage-mega-idc","confidence":"high","source":"hypergrid.davidtphung.com","attribution":"HYPERGRID datacenters layer","dataTruth":"Hypergrid curated DC registry from public sources; not live telemetry"}},{"type":"Feature","geometry":{"type":"Point","coordinates":[72.9986,19.1568]},"properties":{"id":"pdg-mu1-mumbai","facility":"Princeton Digital Group MU1","operator":"Princeton Digital Group","parentCompany":"Princeton Digital Group","country":"India","region":"Maharashtra","city":"Navi Mumbai","lat":19.1568,"lng":72.9986,"status":"construction","facilityType":"hyperscale","capacityMW":150,"aiOriented":true,"yearOperational":2026,"powerSource":"grid","summary":"PDG's flagship campus in Airoli, Navi Mumbai, expanding from 48 MW toward 150 MW of critical IT capacity. India's first OCP-ready facility and Mumbai's first IGBC platinum data center, with first expansion phase due in 2026.","sourceName":"Princeton Digital Group","sourceUrl":"https://princetondg.com/newsroom/princeton-digital-group-unveils-major-india-expansion-taking-total-capacity-to-230-mw-in-mumbai-and-chennai/","confidence":"high","source":"hypergrid.davidtphung.com","attribution":"HYPERGRID datacenters layer","dataTruth":"Hypergrid curated DC registry from public sources; not live telemetry"}},{"type":"Feature","geometry":{"type":"Point","coordinates":[73.118,18.989]},"properties":{"id":"in-mumbai-yotta-nm1","facility":"Yotta NM1","operator":"Yotta Data Services","parentCompany":"Hiranandani Group","country":"India","region":"Asia Pacific","city":"Navi Mumbai","lat":18.989,"lng":73.118,"status":"operating","facilityType":"hyperscale","capacityMW":50,"aiOriented":true,"yearOperational":2020,"powerSource":"grid","summary":"820,000 sq ft hyperscale facility with up to 7,200 racks and 50 MW in Hiranandani Fortune City, Panvel. One of India's largest single data center buildings.","sourceName":"Datacentermap","sourceUrl":"https://www.datacentermap.com/india/mumbai/yotta-nm1/","confidence":"high","source":"hypergrid.davidtphung.com","attribution":"HYPERGRID datacenters layer","dataTruth":"Hypergrid curated DC registry from public sources; not live telemetry"}},{"type":"Feature","geometry":{"type":"Point","coordinates":[72.8777,19.076]},"properties":{"id":"in-mumbai-sttgdc-mumbai","facility":"STT Mumbai DC","operator":"STT GDC India","parentCompany":"ST Telemedia","country":"India","region":"Asia Pacific","city":"Mumbai","lat":19.076,"lng":72.8777,"status":"operating","facilityType":"colocation","capacityMW":40,"aiOriented":true,"yearOperational":2022,"powerSource":"grid","summary":"Colocation and cloud facility in Mumbai, India's largest data center market, with STT GDC partnering with Maharashtra on AI data center investment.","sourceName":"DD News","sourceUrl":"https://ddnews.gov.in/en/indias-data-centre-capacity-more-than-doubled-in-2025/","confidence":"low","source":"hypergrid.davidtphung.com","attribution":"HYPERGRID datacenters layer","dataTruth":"Hypergrid curated DC registry from public sources; not live telemetry"}},{"type":"Feature","geometry":{"type":"Point","coordinates":[73.8567,18.5204]},"properties":{"id":"in-pune-sttgdc-pune","facility":"STT Pune DC","operator":"STT GDC India","parentCompany":"ST Telemedia","country":"India","region":"Asia Pacific","city":"Pune","lat":18.5204,"lng":73.8567,"status":"construction","facilityType":"colocation","capacityMW":30,"aiOriented":true,"yearOperational":2026,"powerSource":"grid","summary":"AI-focused data center development in Pune backed by STT GDC's Maharashtra commitment spanning Mumbai and Pune.","sourceName":"Mordor Intelligence","sourceUrl":"https://www.mordorintelligence.com/industry-reports/india-hyperscale-data-center-market","confidence":"low","source":"hypergrid.davidtphung.com","attribution":"HYPERGRID datacenters layer","dataTruth":"Hypergrid curated DC registry from public sources; not live telemetry"}},{"type":"Feature","geometry":{"type":"Point","coordinates":[72.877,19.119]},"properties":{"id":"in-mumbai-ctrls-mumbai","facility":"CtrlS Mumbai DC","operator":"CtrlS Datacenters","parentCompany":"CtrlS","country":"India","region":"Asia Pacific","city":"Mumbai","lat":19.119,"lng":72.877,"status":"operating","facilityType":"colocation","capacityMW":25,"aiOriented":true,"yearOperational":2019,"powerSource":"grid","summary":"Rated-4 colocation facility in Mumbai, part of CtrlS's national hyperscale and colocation network.","sourceName":"datacenterHawk","sourceUrl":"https://datacenterhawk.com/marketplace/providers/ctrls-data-centers","confidence":"low","source":"hypergrid.davidtphung.com","attribution":"HYPERGRID datacenters layer","dataTruth":"Hypergrid curated DC registry from public sources; not live telemetry"}},{"type":"Feature","geometry":{"type":"Point","coordinates":[80.2271,12.8231]},"properties":{"id":"in-chennai-equinix-cn1","facility":"Equinix CN1","operator":"Equinix","parentCompany":"Equinix","country":"India","region":"Asia Pacific","city":"Chennai","lat":12.8231,"lng":80.2271,"status":"operating","facilityType":"colocation","capacityMW":20,"aiOriented":true,"yearOperational":2025,"powerSource":"grid","summary":"Equinix's first AI-ready data center in Chennai, opened September 2025 in Siruseri with a 69 million dollar investment near the city's subsea cable hub.","sourceName":"Equinix","sourceUrl":"https://newsroom.equinix.com/2025-09-19-Equinix-Opens-First-AI-Ready-Data-Center-in-Chennai,1","confidence":"high","source":"hypergrid.davidtphung.com","attribution":"HYPERGRID datacenters layer","dataTruth":"Hypergrid curated DC registry from public sources; not live telemetry"}},{"type":"Feature","geometry":{"type":"Point","coordinates":[77.391,28.5355]},"properties":{"id":"in-noida-ctrls-noida","facility":"CtrlS Noida DC","operator":"CtrlS Datacenters","parentCompany":"CtrlS","country":"India","region":"Asia Pacific","city":"Noida","lat":28.5355,"lng":77.391,"status":"operating","facilityType":"colocation","capacityMW":18,"aiOriented":true,"yearOperational":2021,"powerSource":"grid","summary":"Rated-4 colocation facility serving the Delhi NCR enterprise and cloud market from Noida, part of CtrlS's national footprint.","sourceName":"datacenterHawk","sourceUrl":"https://datacenterhawk.com/marketplace/providers/ctrls-data-centers","confidence":"low","source":"hypergrid.davidtphung.com","attribution":"HYPERGRID datacenters layer","dataTruth":"Hypergrid curated DC registry from public sources; not live telemetry"}},{"type":"Feature","geometry":{"type":"Point","coordinates":[88.4348,22.5726]},"properties":{"id":"in-kolkata-ctrls","facility":"CtrlS Kolkata Data Center","operator":"CtrlS Datacenters","parentCompany":"CtrlS","country":"India","region":"West Bengal","city":"Kolkata","lat":22.5726,"lng":88.4348,"status":"operating","facilityType":"colocation","capacityMW":16,"aiOriented":true,"yearOperational":2025,"powerSource":"Grid","summary":"CtrlS opened a 16 MW operational data center in Kolkata, expanding capacity in the East India market alongside NTT, Sify and STT.","sourceName":"Data Centre Magazine","sourceUrl":"https://datacentremagazine.com/top10/top-10-data-centre-companies-in-india","confidence":"medium","source":"hypergrid.davidtphung.com","attribution":"HYPERGRID datacenters layer","dataTruth":"Hypergrid curated DC registry from public sources; not live telemetry"}},{"type":"Feature","geometry":{"type":"Point","coordinates":[78.337,17.418]},"properties":{"id":"in-hyderabad-ctrls-dc1","facility":"CtrlS Hyderabad DC1","operator":"CtrlS Datacenters","parentCompany":"CtrlS","country":"India","region":"Asia Pacific","city":"Hyderabad","lat":17.418,"lng":78.337,"status":"operating","facilityType":"colocation","capacityMW":10,"aiOriented":true,"yearOperational":2016,"powerSource":"grid","summary":"Rated-4 colocation facility in the Nanakramguda Financial District. CtrlS is building a much larger campus nearby in the Hyderabad region.","sourceName":"CtrlS","sourceUrl":"https://www.ctrls.com/datacenter-hyderabad/","confidence":"medium","source":"hypergrid.davidtphung.com","attribution":"HYPERGRID datacenters layer","dataTruth":"Hypergrid curated DC registry from public sources; not live telemetry"}},{"type":"Feature","geometry":{"type":"Point","coordinates":[72.8777,19.076]},"properties":{"id":"aws-ap-south-1-mumbai","facility":"AWS Asia Pacific (Mumbai) ap-south-1","operator":"Amazon Web Services","parentCompany":"Amazon","country":"India","region":"Maharashtra","city":"Mumbai","lat":19.076,"lng":72.8777,"status":"operating","facilityType":"cloud-region","capacityMW":null,"aiOriented":true,"yearOperational":2016,"powerSource":"grid","summary":"AWS's first India cloud region, launched in 2016 and expanded to three availability zones, serving enterprises and public sector across India. A primary hub for India-resident data and AI inference workloads.","sourceName":"AWS Regions in India","sourceUrl":"https://aws.amazon.com/local/india/","confidence":"high","source":"hypergrid.davidtphung.com","attribution":"HYPERGRID datacenters layer","dataTruth":"Hypergrid curated DC registry from public sources; not live telemetry"}},{"type":"Feature","geometry":{"type":"Point","coordinates":[73.9197,18.5822]},"properties":{"id":"microsoft-central-india-pune","facility":"Microsoft Azure Central India Region (Pune)","operator":"Microsoft Azure","parentCompany":"Microsoft","country":"India","region":"Maharashtra","city":"Pune","lat":18.5822,"lng":73.9197,"status":"operating","facilityType":"cloud-region","capacityMW":null,"aiOriented":true,"yearOperational":2018,"powerSource":"grid","summary":"Microsoft's Central India Azure region in Pune, the Indian Azure region with three availability zones for high uptime. Part of Microsoft's network of India regions across Pune, Mumbai and Chennai.","sourceName":"Microsoft Stories India","sourceUrl":"https://news.microsoft.com/en-in/microsoft-launches-azure-availability-zones-in-its-central-india-datacenter-region/","confidence":"high","source":"hypergrid.davidtphung.com","attribution":"HYPERGRID datacenters layer","dataTruth":"Hypergrid curated DC registry from public sources; not live telemetry"}},{"type":"Feature","geometry":{"type":"Point","coordinates":[77.504,28.4744]},"properties":{"id":"in-greaternoida-yotta-d1","facility":"Yotta D1 (Greater Noida)","operator":"Yotta Infrastructure","parentCompany":"Hiranandani Group","country":"India","region":"Uttar Pradesh","city":"Greater Noida","lat":28.4744,"lng":77.504,"status":"operating","facilityType":"hyperscale","capacityMW":null,"aiOriented":true,"yearOperational":2024,"powerSource":"Grid","summary":"Yotta D1 anchors a Greater Noida campus planned for six interconnected buildings offering 30,000 racks powered by more than 250 MW, supporting hyperscale and AI workloads.","sourceName":"Yotta","sourceUrl":"https://yotta.com/data-center/","confidence":"high","source":"hypergrid.davidtphung.com","attribution":"HYPERGRID datacenters layer","dataTruth":"Hypergrid curated DC registry from public sources; not live telemetry"}},{"type":"Feature","geometry":{"type":"Point","coordinates":[107.1408,-6.3094]},"properties":{"id":"id-jakarta-pdg-jc3","facility":"Princeton Digital Group JC3","operator":"Princeton Digital Group","parentCompany":"Princeton Digital Group","country":"Indonesia","region":"West Java","city":"Cikarang","lat":-6.3094,"lng":107.1408,"status":"construction","facilityType":"ai-campus","capacityMW":120,"aiOriented":true,"yearOperational":2026,"powerSource":"Grid","summary":"PDG's JC3 is a 120 MW carrier-neutral campus in the Greenland International Industrial Center near Jakarta, designed for hyperscale and AI infrastructure with a 1 billion dollar investment.","sourceName":"Princeton Digital Group","sourceUrl":"https://princetondg.com/newsroom/princeton-digital-group-breaks-ground-on-milestone-usd-1-billion-120-mw-greater-jakarta-campus/","confidence":"high","source":"hypergrid.davidtphung.com","attribution":"HYPERGRID datacenters layer","dataTruth":"Hypergrid curated DC registry from public sources; not live telemetry"}},{"type":"Feature","geometry":{"type":"Point","coordinates":[104.1056,1.1817]},"properties":{"id":"id-batam-dayone-nongsa","facility":"DayOne Batam Campus (Nongsa Digital Park)","operator":"DayOne","parentCompany":"DayOne (GDS International)","country":"Indonesia","region":"Riau Islands","city":"Batam","lat":1.1817,"lng":104.1056,"status":"construction","facilityType":"hyperscale","capacityMW":72,"aiOriented":true,"yearOperational":2025,"powerSource":"Grid","summary":"A joint venture between DayOne and the Indonesia Investment Authority is developing a 72 MW data center campus in Batam's Nongsa Digital Park, leveraging 25 ms latency to Singapore.","sourceName":"Mordor Intelligence","sourceUrl":"https://www.mordorintelligence.com/industry-reports/indonesia-data-center-market","confidence":"medium","source":"hypergrid.davidtphung.com","attribution":"HYPERGRID datacenters layer","dataTruth":"Hypergrid curated DC registry from public sources; not live telemetry"}},{"type":"Feature","geometry":{"type":"Point","coordinates":[107.153,-6.262]},"properties":{"id":"id-cikarang-microsoft-idc","facility":"Microsoft Indonesia Central","operator":"Microsoft","parentCompany":"Microsoft","country":"Indonesia","region":"Asia Pacific","city":"Cikarang","lat":-6.262,"lng":107.153,"status":"operating","facilityType":"cloud-region","capacityMW":60,"aiOriented":true,"yearOperational":2025,"powerSource":"grid","summary":"Microsoft's Indonesia Central cloud region near Jakarta, part of a 1.7 billion dollar investment in local cloud and AI infrastructure.","sourceName":"Mordor Intelligence","sourceUrl":"https://www.mordorintelligence.com/industry-reports/indonesia-hyperscale-data-center-market","confidence":"low","source":"hypergrid.davidtphung.com","attribution":"HYPERGRID datacenters layer","dataTruth":"Hypergrid curated DC registry from public sources; not live telemetry"}},{"type":"Feature","geometry":{"type":"Point","coordinates":[106.8456,-6.2088]},"properties":{"id":"id-jakarta-equinix-jk1","facility":"Equinix JK1","operator":"Equinix","parentCompany":"Equinix","country":"Indonesia","region":"Asia Pacific","city":"Jakarta","lat":-6.2088,"lng":106.8456,"status":"operating","facilityType":"colocation","capacityMW":18,"aiOriented":true,"yearOperational":2022,"powerSource":"grid","summary":"Equinix's first IBX in Indonesia, designed for AI workloads with liquid-cooling capability, anchoring the Jakarta interconnection market.","sourceName":"Cushman & Wakefield","sourceUrl":"https://www.cushmanwakefield.com/en/singapore/insights/apac-data-centre-update","confidence":"medium","source":"hypergrid.davidtphung.com","attribution":"HYPERGRID datacenters layer","dataTruth":"Hypergrid curated DC registry from public sources; not live telemetry"}},{"type":"Feature","geometry":{"type":"Point","coordinates":[107.1156,-6.2589]},"properties":{"id":"id-jakarta-edgeconnex-jkt01","facility":"EdgeConneX Jakarta JKT01","operator":"EdgeConneX","parentCompany":"EdgeConneX","country":"Indonesia","region":"West Java","city":"Bekasi","lat":-6.2589,"lng":107.1156,"status":"operating","facilityType":"hyperscale","capacityMW":6,"aiOriented":true,"yearOperational":2022,"powerSource":"Grid","summary":"EdgeConneX JKT01 anchors a Jakarta campus offering build-to-suit and multi-tenant wholesale capacity scaling up to 200 MW, located in Cibatu, Bekasi Regency.","sourceName":"Data Center Map","sourceUrl":"https://www.datacentermap.com/indonesia/jakarta/edgeconnex-jakarta-jkt01/","confidence":"medium","source":"hypergrid.davidtphung.com","attribution":"HYPERGRID datacenters layer","dataTruth":"Hypergrid curated DC registry from public sources; not live telemetry"}},{"type":"Feature","geometry":{"type":"Point","coordinates":[-6.3856,53.3242]},"properties":{"id":"aws-eu-west-1-dublin","facility":"AWS EU-WEST-1 Dublin Region","operator":"Amazon Web Services","parentCompany":"Amazon","country":"Ireland","region":"Leinster","city":"Dublin","lat":53.3242,"lng":-6.3856,"status":"operating","facilityType":"hyperscale","capacityMW":450,"aiOriented":true,"yearOperational":2007,"powerSource":"wind","summary":"AWS's oldest European cloud region and one of its largest by compute capacity, spanning multiple availability zones across Greater Dublin. Matched to renewable energy via Irish and UK wind power purchase agreements.","sourceName":"AI Data Center Index","sourceUrl":"https://aidatacenterindex.com/datacenters/aws-eu-west-1-dublin-ireland.html","confidence":"high","source":"hypergrid.davidtphung.com","attribution":"HYPERGRID datacenters layer","dataTruth":"Hypergrid curated DC registry from public sources; not live telemetry"}},{"type":"Feature","geometry":{"type":"Point","coordinates":[-6.2998,53.4239]},"properties":{"id":"ie-dublin-aws-eu-west-1","facility":"AWS EU West (Dublin)","operator":"AWS","parentCompany":"Amazon","country":"Ireland","region":"Leinster","city":"Dublin","lat":53.4239,"lng":-6.2998,"status":"operating","facilityType":"cloud-region","capacityMW":100,"aiOriented":true,"yearOperational":2007,"powerSource":"renewable grid","summary":"AWS's founding European cloud region, anchoring a large cluster of Amazon facilities around north Dublin.","sourceName":"AWS","sourceUrl":"https://baxtel.com/data-center/aws-eu-west-1","confidence":"medium","source":"hypergrid.davidtphung.com","attribution":"HYPERGRID datacenters layer","dataTruth":"Hypergrid curated DC registry from public sources; not live telemetry"}},{"type":"Feature","geometry":{"type":"Point","coordinates":[-6.4544,53.3107]},"properties":{"id":"ie-dublin-cyrusone-dub1","facility":"CyrusOne DUB1","operator":"CyrusOne","parentCompany":"CyrusOne","country":"Ireland","region":"Leinster","city":"Dublin","lat":53.3107,"lng":-6.4544,"status":"operating","facilityType":"hyperscale","capacityMW":54,"aiOriented":true,"yearOperational":2019,"powerSource":"renewable grid","summary":"Hyperscale campus in Grange Castle Business Park South delivering up to 54 MW across three buildings.","sourceName":"CyrusOne","sourceUrl":"https://www.cyrusone.com/data-centers/emea/dublin-ireland","confidence":"high","source":"hypergrid.davidtphung.com","attribution":"HYPERGRID datacenters layer","dataTruth":"Hypergrid curated DC registry from public sources; not live telemetry"}},{"type":"Feature","geometry":{"type":"Point","coordinates":[34.7818,32.0853]},"properties":{"id":"il-telaviv-aws-israel","facility":"AWS Israel Region","operator":"Amazon Web Services","parentCompany":"Amazon","country":"Israel","region":"Middle East","city":"Tel Aviv","lat":32.0853,"lng":34.7818,"status":"operating","facilityType":"cloud-region","capacityMW":30,"aiOriented":true,"yearOperational":2023,"powerSource":"grid","summary":"AWS infrastructure region in Israel launched in 2023, supporting local cloud and AI workloads.","sourceName":"Agility Logistics Parks","sourceUrl":"https://agilitylogisticsparks.com/blog/data-centers-in-the-middle-east-2/","confidence":"low","source":"hypergrid.davidtphung.com","attribution":"HYPERGRID datacenters layer","dataTruth":"Hypergrid curated DC registry from public sources; not live telemetry"}},{"type":"Feature","geometry":{"type":"Point","coordinates":[8.9176,45.3983]},"properties":{"id":"it-milan-digitalrealty-mil","facility":"Digital Realty Milan (Abbiategrasso)","operator":"Digital Realty","parentCompany":"Digital Realty","country":"Italy","region":"Lombardy","city":"Abbiategrasso","lat":45.3983,"lng":8.9176,"status":"announced","facilityType":"hyperscale","capacityMW":84,"aiOriented":true,"yearOperational":2028,"powerSource":"renewable grid","summary":"Planned campus southwest of Milan starting at 8 MW with expansion potential to 84 MW, marking Digital Realty's entry into the Milan market.","sourceName":"Data Center Dynamics","sourceUrl":"https://www.datacenterdynamics.com/en/news/digital-realty-plans-milan-data-center-development/","confidence":"medium","source":"hypergrid.davidtphung.com","attribution":"HYPERGRID datacenters layer","dataTruth":"Hypergrid curated DC registry from public sources; not live telemetry"}},{"type":"Feature","geometry":{"type":"Point","coordinates":[9.0589,45.5208]},"properties":{"id":"it-milan-vantage-mxp2","facility":"Vantage Milan MXP2 Campus","operator":"Vantage Data Centers","parentCompany":"Vantage Data Centers","country":"Italy","region":"Lombardy","city":"Milan","lat":45.5208,"lng":9.0589,"status":"construction","facilityType":"hyperscale","capacityMW":32,"aiOriented":true,"yearOperational":2026,"powerSource":"Grid with renewable","summary":"Vantage is developing the MXP2 campus near Milan delivering 32 MW of IT capacity to support hyperscale and AI-driven demand.","sourceName":"Vantage Data Centers","sourceUrl":"https://vantage-dc.com/data-center-locations/emea/","confidence":"medium","source":"hypergrid.davidtphung.com","attribution":"HYPERGRID datacenters layer","dataTruth":"Hypergrid curated DC registry from public sources; not live telemetry"}},{"type":"Feature","geometry":{"type":"Point","coordinates":[140.1233,35.8323]},"properties":{"id":"ntt-tky12-chiba","facility":"NTT Tokyo TKY12 Campus","operator":"NTT Global Data Centers","parentCompany":"NTT","country":"Japan","region":"Chiba Prefecture","city":"Inzai","lat":35.8323,"lng":140.1233,"status":"construction","facilityType":"hyperscale","capacityMW":200,"aiOriented":true,"yearOperational":2030,"powerSource":"grid","summary":"NTT's six-building hyperscale complex in the Inzai-Shiroi area of Chiba, targeting roughly 200 MW and about 250 MW combined with the nearby TKY11 facility. Anchors a major hyperscale cluster near Tokyo.","sourceName":"Data Center Dynamics","sourceUrl":"https://www.datacenterdynamics.com/en/news/ntt-plans-200mw-data-center-campus-outside-tokyo/","confidence":"high","source":"hypergrid.davidtphung.com","attribution":"HYPERGRID datacenters layer","dataTruth":"Hypergrid curated DC registry from public sources; not live telemetry"}},{"type":"Feature","geometry":{"type":"Point","coordinates":[139.6503,35.6762]},"properties":{"id":"jp-tokyo-ntt-tky12","facility":"NTT TKY12 Campus","operator":"NTT Global Data Centers","parentCompany":"NTT","country":"Japan","region":"Asia Pacific","city":"Tokyo","lat":35.6762,"lng":139.6503,"status":"construction","facilityType":"hyperscale","capacityMW":200,"aiOriented":true,"yearOperational":2027,"powerSource":"grid","summary":"Planned multi-building hyperscale campus delivering roughly 200 MW of IT capacity in Greater Tokyo.","sourceName":"Arizton","sourceUrl":"https://www.arizton.com/news/press-release/tokyo-osaka-in-focus-japan-datacenter-investments","confidence":"low","source":"hypergrid.davidtphung.com","attribution":"HYPERGRID datacenters layer","dataTruth":"Hypergrid curated DC registry from public sources; not live telemetry"}},{"type":"Feature","geometry":{"type":"Point","coordinates":[140.145,35.833]},"properties":{"id":"jp-inzai-equinix-ty13x","facility":"Equinix TY13x","operator":"Equinix","parentCompany":"Equinix","country":"Japan","region":"Asia Pacific","city":"Inzai","lat":35.833,"lng":140.145,"status":"operating","facilityType":"hyperscale","capacityMW":36,"aiOriented":true,"yearOperational":2023,"powerSource":"grid","summary":"xScale hyperscale facility in the Inzai cluster of Greater Tokyo, scaling to 36 MW at full build-out for hyperscale cloud tenants.","sourceName":"DatacenterDynamics","sourceUrl":"https://www.datacenterdynamics.com/en/news/equinix-launches-hyperscale-data-center-in-tokyo-japan/","confidence":"high","source":"hypergrid.davidtphung.com","attribution":"HYPERGRID datacenters layer","dataTruth":"Hypergrid curated DC registry from public sources; not live telemetry"}},{"type":"Feature","geometry":{"type":"Point","coordinates":[135.5023,34.6937]},"properties":{"id":"jp-osaka-ntt-osaka","facility":"NTT Osaka Campus","operator":"NTT Global Data Centers","parentCompany":"NTT","country":"Japan","region":"Asia Pacific","city":"Osaka","lat":34.6937,"lng":135.5023,"status":"construction","facilityType":"hyperscale","capacityMW":36,"aiOriented":true,"yearOperational":2027,"powerSource":"grid","summary":"36 MW hyperscale campus on which NTT began construction in 2025, expanding Greater Osaka's share of Japan's market.","sourceName":"Arizton","sourceUrl":"https://www.arizton.com/news/press-release/tokyo-osaka-in-focus-japan-datacenter-investments","confidence":"low","source":"hypergrid.davidtphung.com","attribution":"HYPERGRID datacenters layer","dataTruth":"Hypergrid curated DC registry from public sources; not live telemetry"}},{"type":"Feature","geometry":{"type":"Point","coordinates":[37.0489,-1.0589]},"properties":{"id":"ke-nairobi-nxtra-tatu","facility":"Nxtra by Airtel Nairobi (Tatu City)","operator":"Nxtra by Airtel","parentCompany":"Bharti Airtel","country":"Kenya","region":"Kiambu","city":"Nairobi","lat":-1.0589,"lng":37.0489,"status":"construction","facilityType":"hyperscale","capacityMW":44,"aiOriented":true,"yearOperational":2027,"powerSource":"Grid with renewable","summary":"Nxtra by Airtel is building a 44 MW hyperscale data center in Tatu City near Nairobi, with commissioning expected in the first quarter of 2027.","sourceName":"Mordor Intelligence","sourceUrl":"https://www.mordorintelligence.com/industry-reports/africa-data-center-market","confidence":"medium","source":"hypergrid.davidtphung.com","attribution":"HYPERGRID datacenters layer","dataTruth":"Hypergrid curated DC registry from public sources; not live telemetry"}},{"type":"Feature","geometry":{"type":"Point","coordinates":[36.892,-1.319]},"properties":{"id":"ke-nairobi-adc-nbo1","facility":"Africa Data Centres NBO1","operator":"Africa Data Centres","parentCompany":"Cassava Technologies","country":"Kenya","region":"Africa","city":"Nairobi","lat":-1.319,"lng":36.892,"status":"operating","facilityType":"colocation","capacityMW":12,"aiOriented":true,"yearOperational":2019,"powerSource":"grid","summary":"Carrier and cloud-neutral facility in Nairobi, part of Africa Data Centres' continental network. Kenya is a fast-growing East African DC hub.","sourceName":"Data Centre Magazine","sourceUrl":"https://datacentremagazine.com/top10/top-10-data-centre-companies-in-africa","confidence":"low","source":"hypergrid.davidtphung.com","attribution":"HYPERGRID datacenters layer","dataTruth":"Hypergrid curated DC registry from public sources; not live telemetry"}},{"type":"Feature","geometry":{"type":"Point","coordinates":[103.54,1.53]},"properties":{"id":"my-johor-pdg-jh1","facility":"PDG JH1","operator":"Princeton Digital Group","parentCompany":"Princeton Digital Group","country":"Malaysia","region":"Asia Pacific","city":"Sedenak","lat":1.53,"lng":103.54,"status":"construction","facilityType":"hyperscale","capacityMW":300,"aiOriented":true,"yearOperational":2025,"powerSource":"grid","summary":"Multi-building 300 MW hyperscale and AI-ready campus in Sedenak Tech Park, Johor, part of PDG's larger Malaysia footprint.","sourceName":"Princeton Digital Group","sourceUrl":"https://princetondg.com/locations/malaysia/","confidence":"medium","source":"hypergrid.davidtphung.com","attribution":"HYPERGRID datacenters layer","dataTruth":"Hypergrid curated DC registry from public sources; not live telemetry"}},{"type":"Feature","geometry":{"type":"Point","coordinates":[103.63,1.43]},"properties":{"id":"my-johor-empyrion-my1","facility":"Empyrion MY1","operator":"Empyrion Digital","parentCompany":"Empyrion Digital","country":"Malaysia","region":"Asia Pacific","city":"Iskandar Puteri","lat":1.43,"lng":103.63,"status":"announced","facilityType":"hyperscale","capacityMW":200,"aiOriented":true,"yearOperational":2026,"powerSource":"grid","summary":"Next-generation 200-plus MW hyperscale campus of five 40 MW buildings in the SiLC cluster of Iskandar Puteri, Johor. First building targeted for Q4 2026.","sourceName":"Empyrion Digital","sourceUrl":"https://empyriondigital.com/empyrion-digital-unveils-johors-newest-large-scale-next-generation-hyperscale-data-centre-campus/","confidence":"medium","source":"hypergrid.davidtphung.com","attribution":"HYPERGRID datacenters layer","dataTruth":"Hypergrid curated DC registry from public sources; not live telemetry"}},{"type":"Feature","geometry":{"type":"Point","coordinates":[103.77,1.45]},"properties":{"id":"my-johor-airtrunk-jhb1","facility":"AirTrunk JHB1","operator":"AirTrunk","parentCompany":"Blackstone","country":"Malaysia","region":"Asia Pacific","city":"Johor Bahru","lat":1.45,"lng":103.77,"status":"operating","facilityType":"hyperscale","capacityMW":150,"aiOriented":true,"yearOperational":2024,"powerSource":"grid","summary":"Hyperscale cloud and AI-ready campus in the Johor data center cluster, part of AirTrunk's large Malaysia platform serving regional hyperscaler demand.","sourceName":"AirTrunk","sourceUrl":"https://airtrunk.com/airtrunk-doubles-down-in-malaysia-with-two-new-hyperscale-campuses-in-johor-bahru/","confidence":"medium","source":"hypergrid.davidtphung.com","attribution":"HYPERGRID datacenters layer","dataTruth":"Hypergrid curated DC registry from public sources; not live telemetry"}},{"type":"Feature","geometry":{"type":"Point","coordinates":[103.6,1.66]},"properties":{"id":"my-kulai-ytl-dc","facility":"YTL Green Data Center Park","operator":"YTL Data Center Holdings","parentCompany":"YTL Corporation","country":"Malaysia","region":"Asia Pacific","city":"Kulai","lat":1.66,"lng":103.6,"status":"operating","facilityType":"hyperscale","capacityMW":72,"aiOriented":true,"yearOperational":2024,"powerSource":"solar","summary":"Green data center park in Kulai, Johor, anchored by on-site solar and hosting hyperscale and AI cloud workloads.","sourceName":"BlackRidge Research","sourceUrl":"https://www.blackridgeresearch.com/blog/latest-list-top-largest-data-center-companies-malaysia","confidence":"medium","source":"hypergrid.davidtphung.com","attribution":"HYPERGRID datacenters layer","dataTruth":"Hypergrid curated DC registry from public sources; not live telemetry"}},{"type":"Feature","geometry":{"type":"Point","coordinates":[-100.3361,20.7081]},"properties":{"id":"mx-queretaro-odata-qr03","facility":"ODATA QR03 (Quer\u00e9taro)","operator":"ODATA","parentCompany":"Aligned Data Centers","country":"Mexico","region":"Quer\u00e9taro","city":"Quer\u00e9taro","lat":20.7081,"lng":-100.3361,"status":"construction","facilityType":"ai-campus","capacityMW":300,"aiOriented":true,"yearOperational":2026,"powerSource":"Grid","summary":"ODATA's DC QR03 campus in the PyME Industrial Park represents over 3 billion dollars of investment and will provide up to 300 MW of IT capacity, with the first building offering 72 MW for cloud and AI providers.","sourceName":"ODATA Colocation","sourceUrl":"https://odatacolocation.com/en/blog/imprensa/odata-announces-the-launch-of-its-largest-data-center-in-mexico-with-300mw-of-it-capacity/","confidence":"high","source":"hypergrid.davidtphung.com","attribution":"HYPERGRID datacenters layer","dataTruth":"Hypergrid curated DC registry from public sources; not live telemetry"}},{"type":"Feature","geometry":{"type":"Point","coordinates":[-100.3899,20.5888]},"properties":{"id":"mx-queretaro-equinix-mx2","facility":"Equinix MX2 (Queretaro)","operator":"Equinix","parentCompany":"Equinix","country":"Mexico","region":"Queretaro","city":"Queretaro","lat":20.5888,"lng":-100.3899,"status":"operating","facilityType":"colocation","capacityMW":12,"aiOriented":true,"yearOperational":2023,"powerSource":"grid + renewable","summary":"Equinix IBX in the Queretaro data center cluster, a cloud on-ramp for central Mexico's rapidly growing market.","sourceName":"Equinix","sourceUrl":"https://www.equinix.com/data-centers/americas-colocation/mexico-colocation","confidence":"low","source":"hypergrid.davidtphung.com","attribution":"HYPERGRID datacenters layer","dataTruth":"Hypergrid curated DC registry from public sources; not live telemetry"}},{"type":"Feature","geometry":{"type":"Point","coordinates":[4.989,52.735]},"properties":{"id":"microsoft-west-europe-amsterdam","facility":"Microsoft Azure West Europe (Netherlands) Region","operator":"Microsoft Azure","parentCompany":"Microsoft","country":"Netherlands","region":"North Holland","city":"Middenmeer","lat":52.735,"lng":4.989,"status":"operating","facilityType":"cloud-region","capacityMW":300,"aiOriented":true,"yearOperational":2014,"powerSource":"mixed","summary":"One of Microsoft's primary European cloud hubs, launched in 2014 with facilities across North Holland including Middenmeer and Hollands Kroon. Paired with the North Europe Dublin region for geographic redundancy.","sourceName":"AI Data Center Index","sourceUrl":"https://aidatacenterindex.com/datacenters/microsoft-azure-netherlands-region.html","confidence":"high","source":"hypergrid.davidtphung.com","attribution":"HYPERGRID datacenters layer","dataTruth":"Hypergrid curated DC registry from public sources; not live telemetry"}},{"type":"Feature","geometry":{"type":"Point","coordinates":[4.6462,52.3874]},"properties":{"id":"nl-amsterdam-ironmountain-ams1","facility":"Iron Mountain AMS-1","operator":"Iron Mountain","parentCompany":"Iron Mountain","country":"Netherlands","region":"North Holland","city":"Haarlem","lat":52.3874,"lng":4.6462,"status":"operating","facilityType":"colocation","capacityMW":43.1,"aiOriented":true,"yearOperational":2017,"powerSource":"100% renewable","summary":"One of the Netherlands' earliest fully renewable-powered data centers, located in Haarlem about 20 km from Amsterdam.","sourceName":"Iron Mountain","sourceUrl":"https://www.ironmountain.com/data-centers/locations/amsterdam-data-center","confidence":"high","source":"hypergrid.davidtphung.com","attribution":"HYPERGRID datacenters layer","dataTruth":"Hypergrid curated DC registry from public sources; not live telemetry"}},{"type":"Feature","geometry":{"type":"Point","coordinates":[4.9407,52.3009]},"properties":{"id":"nl-amsterdam-equinix-am4","facility":"Equinix AM4","operator":"Equinix","parentCompany":"Equinix","country":"Netherlands","region":"North Holland","city":"Amsterdam","lat":52.3009,"lng":4.9407,"status":"operating","facilityType":"colocation","capacityMW":18,"aiOriented":true,"yearOperational":2012,"powerSource":"100% renewable grid","summary":"Equinix IBX in Amsterdam Zuidoost, a key node in the AMS-IX ecosystem and the Amsterdam FLAP-D market.","sourceName":"Equinix","sourceUrl":"https://www.equinix.com/data-centers/europe-colocation/netherlands-colocation/amsterdam-data-centers/am4","confidence":"medium","source":"hypergrid.davidtphung.com","attribution":"HYPERGRID datacenters layer","dataTruth":"Hypergrid curated DC registry from public sources; not live telemetry"}},{"type":"Feature","geometry":{"type":"Point","coordinates":[174.7633,-36.8485]},"properties":{"id":"nz-auckland-nextdc-ak1","facility":"NextDC AK1","operator":"NextDC","parentCompany":"NextDC","country":"New Zealand","region":"Asia Pacific","city":"Auckland","lat":-36.8485,"lng":174.7633,"status":"operating","facilityType":"colocation","capacityMW":15,"aiOriented":true,"yearOperational":2024,"powerSource":"grid","summary":"NextDC's first New Zealand facility with about 15 MW capacity, extending the operator into Auckland.","sourceName":"NextDC","sourceUrl":"https://www.nextdc.com/data-centres/new-zealand-data-centres-colocation","confidence":"medium","source":"hypergrid.davidtphung.com","attribution":"HYPERGRID datacenters layer","dataTruth":"Hypergrid curated DC registry from public sources; not live telemetry"}},{"type":"Feature","geometry":{"type":"Point","coordinates":[174.6189,-36.8081]},"properties":{"id":"nz-auckland-microsoft-westgate","facility":"Microsoft New Zealand Region (Westgate)","operator":"Microsoft","parentCompany":"Microsoft","country":"New Zealand","region":"Auckland","city":"Auckland","lat":-36.8081,"lng":174.6189,"status":"operating","facilityType":"cloud-region","capacityMW":null,"aiOriented":true,"yearOperational":2024,"powerSource":"100 percent renewable","summary":"Microsoft launched its first New Zealand hyperscale Azure cloud region at Westgate in northwest Auckland, powered entirely by renewable energy and using air cooling.","sourceName":"Microsoft","sourceUrl":"https://news.microsoft.com/aotearoa-datacenter/","confidence":"medium","source":"hypergrid.davidtphung.com","attribution":"HYPERGRID datacenters layer","dataTruth":"Hypergrid curated DC registry from public sources; not live telemetry"}},{"type":"Feature","geometry":{"type":"Point","coordinates":[174.7633,-36.8485]},"properties":{"id":"nz-auckland-aws-region","facility":"AWS Asia Pacific (New Zealand) Region","operator":"Amazon Web Services","parentCompany":"Amazon","country":"New Zealand","region":"Auckland","city":"Auckland","lat":-36.8485,"lng":174.7633,"status":"operating","facilityType":"cloud-region","capacityMW":null,"aiOriented":true,"yearOperational":2025,"powerSource":"Grid with renewable","summary":"AWS launched its Asia Pacific (New Zealand) Region with three Availability Zones backed by more than 4.4 billion US dollars of investment, enabling local data residency.","sourceName":"Amazon Web Services","sourceUrl":"https://aws.amazon.com/blogs/aws/now-open-aws-asia-pacific-new-zealand-region/","confidence":"medium","source":"hypergrid.davidtphung.com","attribution":"HYPERGRID datacenters layer","dataTruth":"Hypergrid curated DC registry from public sources; not live telemetry"}},{"type":"Feature","geometry":{"type":"Point","coordinates":[3.5378,6.4474]},"properties":{"id":"ng-lagos-kasicloud-los1","facility":"Kasi Cloud LOS1","operator":"Kasi Cloud","parentCompany":"Kasi Cloud","country":"Nigeria","region":"Lagos","city":"Lagos","lat":6.4474,"lng":3.5378,"status":"construction","facilityType":"ai-campus","capacityMW":100,"aiOriented":true,"yearOperational":2027,"powerSource":"Grid with onsite generation","summary":"Kasi Cloud LOS1 in Lekki is Nigeria's first 100 MW AI-focused hyperscale campus, a 250 million dollar project backed by the sovereign wealth fund and designed for high-density AI workloads.","sourceName":"TechCabal","sourceUrl":"https://techcabal.com/2026/02/05/a-first-look-at-kasi-clouds-100mw-ai-data-centre-in-lagos/","confidence":"medium","source":"hypergrid.davidtphung.com","attribution":"HYPERGRID datacenters layer","dataTruth":"Hypergrid curated DC registry from public sources; not live telemetry"}},{"type":"Feature","geometry":{"type":"Point","coordinates":[3.351,6.602]},"properties":{"id":"ng-lagos-rack-centre","facility":"Rack Centre LGS1","operator":"Rack Centre","parentCompany":"Actis","country":"Nigeria","region":"Africa","city":"Lagos","lat":6.602,"lng":3.351,"status":"operating","facilityType":"colocation","capacityMW":12,"aiOriented":true,"yearOperational":2013,"powerSource":"grid","summary":"Tier III carrier-neutral colocation facility in Lagos, a major West African digital interconnection point.","sourceName":"Data Centre Magazine","sourceUrl":"https://datacentremagazine.com/top10/top-10-data-centre-companies-in-africa","confidence":"low","source":"hypergrid.davidtphung.com","attribution":"HYPERGRID datacenters layer","dataTruth":"Hypergrid curated DC registry from public sources; not live telemetry"}},{"type":"Feature","geometry":{"type":"Point","coordinates":[5.3197,59.2542]},"properties":{"id":"no-haugaland-atnorth-nor01","facility":"atNorth NOR01","operator":"atNorth","parentCompany":"atNorth","country":"Norway","region":"Rogaland","city":"Gismarvik","lat":59.2542,"lng":5.3197,"status":"operating","facilityType":"ai-campus","capacityMW":120,"aiOriented":true,"yearOperational":2025,"powerSource":"Hydroelectric","summary":"NOR01 in Haugaland Business Park is atNorth's first Norway site, a 36-hectare mega campus purpose-built for high-density and AI workloads, with initial phases delivering 120 MW and a planned ramp to 350 MW.","sourceName":"atNorth","sourceUrl":"https://www.atnorth.com/nordic-data-centers/norway-data-centers/","confidence":"high","source":"hypergrid.davidtphung.com","attribution":"HYPERGRID datacenters layer","dataTruth":"Hypergrid curated DC registry from public sources; not live telemetry"}},{"type":"Feature","geometry":{"type":"Point","coordinates":[11.1667,59.9333]},"properties":{"id":"no-oslo-stack-osl03","facility":"STACK OSL03 (Fetsund)","operator":"STACK Infrastructure","parentCompany":"STACK Infrastructure","country":"Norway","region":"Viken","city":"Fetsund","lat":59.9333,"lng":11.1667,"status":"operating","facilityType":"hyperscale","capacityMW":100,"aiOriented":true,"yearOperational":2020,"powerSource":"100% hydro","summary":"STACK multi-building campus at Fetsund east of Oslo, powered by 100% renewable hydro energy.","sourceName":"STACK Infrastructure","sourceUrl":"https://www.stackinfra.com/locations/emea/oslo/","confidence":"medium","source":"hypergrid.davidtphung.com","attribution":"HYPERGRID datacenters layer","dataTruth":"Hypergrid curated DC registry from public sources; not live telemetry"}},{"type":"Feature","geometry":{"type":"Point","coordinates":[120.9842,14.5995]},"properties":{"id":"ph-manila-equinix-mn1","facility":"Equinix MN1","operator":"Equinix","parentCompany":"Equinix","country":"Philippines","region":"Asia Pacific","city":"Manila","lat":14.5995,"lng":120.9842,"status":"operating","facilityType":"colocation","capacityMW":15,"aiOriented":true,"yearOperational":2024,"powerSource":"grid","summary":"Equinix entered the Philippines by acquiring data centers from Total Information Management, establishing interconnection capacity in Metro Manila.","sourceName":"Cushman & Wakefield","sourceUrl":"https://www.cushmanwakefield.com/en/singapore/insights/apac-data-centre-update","confidence":"low","source":"hypergrid.davidtphung.com","attribution":"HYPERGRID datacenters layer","dataTruth":"Hypergrid curated DC registry from public sources; not live telemetry"}},{"type":"Feature","geometry":{"type":"Point","coordinates":[20.8167,52.2167]},"properties":{"id":"pl-warsaw-data4-waw1","facility":"Data4 Warsaw 1","operator":"Data4","parentCompany":"Data4","country":"Poland","region":"Masovian","city":"Jawczyce","lat":52.2167,"lng":20.8167,"status":"operating","facilityType":"hyperscale","capacityMW":60,"aiOriented":true,"yearOperational":2024,"powerSource":"grid","summary":"Data4's first Polish campus near Warsaw in Jawczyce, planned for four buildings totaling 60 MW.","sourceName":"Data4","sourceUrl":"https://www.data4group.com/en/data-centers-warsaw-poland/","confidence":"medium","source":"hypergrid.davidtphung.com","attribution":"HYPERGRID datacenters layer","dataTruth":"Hypergrid curated DC registry from public sources; not live telemetry"}},{"type":"Feature","geometry":{"type":"Point","coordinates":[21.0469,52.1894]},"properties":{"id":"pl-warsaw-equinix-wa4x","facility":"Equinix Warsaw WA4x","operator":"Equinix","parentCompany":"Equinix","country":"Poland","region":"Masovian","city":"Warsaw","lat":52.1894,"lng":21.0469,"status":"operating","facilityType":"hyperscale","capacityMW":null,"aiOriented":true,"yearOperational":2024,"powerSource":"Grid with 100 percent renewable","summary":"WA4x is Equinix's first xScale hyperscale data center in Warsaw, powered by 100 percent renewable energy and serving cloud platforms.","sourceName":"Equinix","sourceUrl":"https://www.equinix.com/data-centers/europe-colocation","confidence":"medium","source":"hypergrid.davidtphung.com","attribution":"HYPERGRID datacenters layer","dataTruth":"Hypergrid curated DC registry from public sources; not live telemetry"}},{"type":"Feature","geometry":{"type":"Point","coordinates":[51.531,25.2854]},"properties":{"id":"qa-doha-microsoft-qatar","facility":"Microsoft Qatar Region","operator":"Microsoft","parentCompany":"Microsoft","country":"Qatar","region":"Middle East","city":"Doha","lat":25.2854,"lng":51.531,"status":"operating","facilityType":"cloud-region","capacityMW":20,"aiOriented":true,"yearOperational":2022,"powerSource":"grid","summary":"Microsoft's Qatar cloud region, the country's first hyperscale cloud region offering Azure services in Doha.","sourceName":"Datacentermap","sourceUrl":"https://www.datacentermap.com/qatar/doha/","confidence":"low","source":"hypergrid.davidtphung.com","attribution":"HYPERGRID datacenters layer","dataTruth":"Hypergrid curated DC registry from public sources; not live telemetry"}},{"type":"Feature","geometry":{"type":"Point","coordinates":[35.61,27.255]},"properties":{"id":"sa-neom-datavolt","facility":"DataVolt NEOM Campus","operator":"DataVolt","parentCompany":"DataVolt","country":"Saudi Arabia","region":"Middle East","city":"NEOM","lat":27.255,"lng":35.61,"status":"construction","facilityType":"ai-campus","capacityMW":1500,"aiOriented":true,"yearOperational":2028,"powerSource":"renewable","summary":"Planned 1.5 GW net-zero AI data center campus in NEOM's Oxagon, with a 5 billion dollar first phase targeted for 2028 on renewable power.","sourceName":"Data Center Dynamics","sourceUrl":"https://www.datacenterdynamics.com/en/news/datavolt-plans-15gw-data-center-campus-in-neoms-oxagon/","confidence":"medium","source":"hypergrid.davidtphung.com","attribution":"HYPERGRID datacenters layer","dataTruth":"Hypergrid curated DC registry from public sources; not live telemetry"}},{"type":"Feature","geometry":{"type":"Point","coordinates":[46.6753,24.7136]},"properties":{"id":"sa-riyadh-equinix-ry1","facility":"Equinix RY1","operator":"Equinix","parentCompany":"Equinix","country":"Saudi Arabia","region":"Middle East","city":"Riyadh","lat":24.7136,"lng":46.6753,"status":"construction","facilityType":"colocation","capacityMW":100,"aiOriented":true,"yearOperational":2026,"powerSource":"grid","summary":"Equinix Riyadh project tied to Saudi Arabia's large data center expansion under Vision 2030.","sourceName":"Data Center Knowledge","sourceUrl":"https://www.datacenterknowledge.com/data-center-site-selection/uae-data-centers-powering-the-middle-east-s-ai-and-cloud-revolution","confidence":"low","source":"hypergrid.davidtphung.com","attribution":"HYPERGRID datacenters layer","dataTruth":"Hypergrid curated DC registry from public sources; not live telemetry"}},{"type":"Feature","geometry":{"type":"Point","coordinates":[50.0888,26.4207]},"properties":{"id":"microsoft-saudi-east-dammam","facility":"Microsoft Azure Saudi Arabia East Region","operator":"Microsoft Azure","parentCompany":"Microsoft","country":"Saudi Arabia","region":"Eastern Province","city":"Dammam","lat":26.4207,"lng":50.0888,"status":"construction","facilityType":"cloud-region","capacityMW":null,"aiOriented":true,"yearOperational":2026,"powerSource":"gas","summary":"Microsoft's Saudi Arabia East datacenter region with construction completed on all three availability zones in the Eastern Province, developed with the Saudi MCIT. Cloud workloads expected to be available to customers from late 2026.","sourceName":"Data Center Dynamics","sourceUrl":"https://www.datacenterdynamics.com/en/news/microsoft-completes-construction-of-saudi-arabia-data-center-region/","confidence":"high","source":"hypergrid.davidtphung.com","attribution":"HYPERGRID datacenters layer","dataTruth":"Hypergrid curated DC registry from public sources; not live telemetry"}},{"type":"Feature","geometry":{"type":"Point","coordinates":[103.89,1.364]},"properties":{"id":"sg-singapore-stt-defu","facility":"STT Defu DC","operator":"STT GDC","parentCompany":"ST Telemedia","country":"Singapore","region":"Asia Pacific","city":"Singapore","lat":1.364,"lng":103.89,"status":"operating","facilityType":"colocation","capacityMW":30,"aiOriented":true,"yearOperational":2016,"powerSource":"grid","summary":"STT GDC colocation campus in the Defu industrial area supporting cloud and enterprise customers in supply-constrained Singapore.","sourceName":"Datacentermap","sourceUrl":"https://www.datacentermap.com/singapore/","confidence":"low","source":"hypergrid.davidtphung.com","attribution":"HYPERGRID datacenters layer","dataTruth":"Hypergrid curated DC registry from public sources; not live telemetry"}},{"type":"Feature","geometry":{"type":"Point","coordinates":[103.696,1.3265]},"properties":{"id":"sg-singapore-equinix-sg5","facility":"Equinix SG5 IBX","operator":"Equinix","parentCompany":"Equinix","country":"Singapore","region":"Asia Pacific","city":"Singapore","lat":1.3265,"lng":103.696,"status":"operating","facilityType":"colocation","capacityMW":9,"aiOriented":true,"yearOperational":2021,"powerSource":"grid","summary":"Multi-story IBX colocation facility in the Tanjong Kling data center park, serving cloud and interconnection customers.","sourceName":"Equinix","sourceUrl":"https://www.equinix.com/data-centers/asia-pacific-colocation/singapore-colocation/singapore-data-center/sg5","confidence":"high","source":"hypergrid.davidtphung.com","attribution":"HYPERGRID datacenters layer","dataTruth":"Hypergrid curated DC registry from public sources; not live telemetry"}},{"type":"Feature","geometry":{"type":"Point","coordinates":[28.241,-26.1075]},"properties":{"id":"teraco-jb4-johannesburg","facility":"Teraco JB4 (Bredell Campus)","operator":"Teraco Data Environments","parentCompany":"Digital Realty","country":"South Africa","region":"Gauteng","city":"Johannesburg","lat":-26.1075,"lng":28.241,"status":"operating","facilityType":"hyperscale","capacityMW":50,"aiOriented":true,"yearOperational":2025,"powerSource":"grid","summary":"Teraco JB4 on the Bredell campus east of Johannesburg reached 50 MW of critical IT power in August 2025, making it the largest standalone data center built in Africa. Spans 80,000 square meters with six new liquid-cooling-enabled data halls.","sourceName":"Teraco","sourceUrl":"https://www.teraco.co.za/news/teraco-completes-jb4-hyperscale-data-centre-expansion-to-bredell-campus/","confidence":"high","source":"hypergrid.davidtphung.com","attribution":"HYPERGRID datacenters layer","dataTruth":"Hypergrid curated DC registry from public sources; not live telemetry"}},{"type":"Feature","geometry":{"type":"Point","coordinates":[28.198,-26.138]},"properties":{"id":"za-johannesburg-teraco-jb1","facility":"Teraco JB1 Isando","operator":"Teraco","parentCompany":"Digital Realty","country":"South Africa","region":"Africa","city":"Johannesburg","lat":-26.138,"lng":28.198,"status":"operating","facilityType":"colocation","capacityMW":50,"aiOriented":true,"yearOperational":2013,"powerSource":"grid","summary":"Carrier-neutral colocation facility in Isando with cloud on-ramps for AWS, Azure, Google, Oracle, and Huawei, part of Teraco's Isando campus.","sourceName":"Datacentermap","sourceUrl":"https://www.datacentermap.com/south-africa/johannesburg/jb1-isando-johannesburg/","confidence":"high","source":"hypergrid.davidtphung.com","attribution":"HYPERGRID datacenters layer","dataTruth":"Hypergrid curated DC registry from public sources; not live telemetry"}},{"type":"Feature","geometry":{"type":"Point","coordinates":[28.198,-26.138]},"properties":{"id":"za-johannesburg-teraco-jb7","facility":"Teraco JB7","operator":"Teraco","parentCompany":"Digital Realty","country":"South Africa","region":"Africa","city":"Johannesburg","lat":-26.138,"lng":28.198,"status":"construction","facilityType":"hyperscale","capacityMW":40,"aiOriented":true,"yearOperational":2026,"powerSource":"grid","summary":"40 MW hyperscale expansion at Teraco's Isando campus that lifts campus critical load toward 110 MW. Teraco is the continent's largest operator.","sourceName":"Teraco","sourceUrl":"https://www.teraco.co.za/news/teraco-announces-jb7-and-a-new-r8-billion-syndicated-loan/","confidence":"medium","source":"hypergrid.davidtphung.com","attribution":"HYPERGRID datacenters layer","dataTruth":"Hypergrid curated DC registry from public sources; not live telemetry"}},{"type":"Feature","geometry":{"type":"Point","coordinates":[126.978,37.5665]},"properties":{"id":"kr-seoul-equinix-sl2","facility":"Equinix SL2","operator":"Equinix","parentCompany":"Equinix","country":"South Korea","region":"Asia Pacific","city":"Seoul","lat":37.5665,"lng":126.978,"status":"operating","facilityType":"hyperscale","capacityMW":30,"aiOriented":true,"yearOperational":2023,"powerSource":"grid","summary":"xScale hyperscale facility from the Equinix and GIC joint venture building hyperscale capacity in Korea.","sourceName":"Equinix","sourceUrl":"https://www.equinix.com/newsroom/press-releases/2022/01/equinix-and-gic-to-invest-us-525-million-to-build-hyperscale-data-centers-in-korea","confidence":"medium","source":"hypergrid.davidtphung.com","attribution":"HYPERGRID datacenters layer","dataTruth":"Hypergrid curated DC registry from public sources; not live telemetry"}},{"type":"Feature","geometry":{"type":"Point","coordinates":[126.978,37.5665]},"properties":{"id":"aws-ap-northeast-2-seoul","facility":"AWS Asia Pacific (Seoul) ap-northeast-2","operator":"Amazon Web Services","parentCompany":"Amazon","country":"South Korea","region":"Seoul Capital Area","city":"Seoul","lat":37.5665,"lng":126.978,"status":"operating","facilityType":"cloud-region","capacityMW":null,"aiOriented":true,"yearOperational":2016,"powerSource":"grid","summary":"AWS's Seoul cloud region launched in 2016 and expanded to four availability zones, serving customers across South Korea. A major Northeast Asia hub for cloud and AI workloads.","sourceName":"AWS Blog","sourceUrl":"https://aws.amazon.com/blogs/aws/now-open-fourth-availability-zone-in-the-aws-asia-pacific-seoul-region/","confidence":"high","source":"hypergrid.davidtphung.com","attribution":"HYPERGRID datacenters layer","dataTruth":"Hypergrid curated DC registry from public sources; not live telemetry"}},{"type":"Feature","geometry":{"type":"Point","coordinates":[-3.6207,40.4459]},"properties":{"id":"es-madrid-equinix-md2","facility":"Equinix MD2","operator":"Equinix","parentCompany":"Equinix","country":"Spain","region":"Madrid","city":"Madrid","lat":40.4459,"lng":-3.6207,"status":"operating","facilityType":"colocation","capacityMW":14,"aiOriented":true,"yearOperational":2020,"powerSource":"100% renewable grid","summary":"Equinix interconnection hub serving the fast-growing Madrid market and southern European subsea cable landings.","sourceName":"Equinix","sourceUrl":"https://www.equinix.com/data-centers/europe-colocation/spain-colocation/madrid-data-centers/md2","confidence":"medium","source":"hypergrid.davidtphung.com","attribution":"HYPERGRID datacenters layer","dataTruth":"Hypergrid curated DC registry from public sources; not live telemetry"}},{"type":"Feature","geometry":{"type":"Point","coordinates":[-3.6453,40.4892]},"properties":{"id":"es-madrid-equinix-md3x","facility":"Equinix Madrid MD3x","operator":"Equinix","parentCompany":"Equinix","country":"Spain","region":"Community of Madrid","city":"Madrid","lat":40.4892,"lng":-3.6453,"status":"operating","facilityType":"hyperscale","capacityMW":null,"aiOriented":true,"yearOperational":2023,"powerSource":"Grid with renewable","summary":"MD3x is Equinix's first xScale hyperscale data center in Madrid, supporting cloud and AI deployments on 100 percent renewable energy.","sourceName":"Equinix","sourceUrl":"https://www.equinix.com/data-centers/europe-colocation/spain-colocation/madrid-data-centers","confidence":"medium","source":"hypergrid.davidtphung.com","attribution":"HYPERGRID datacenters layer","dataTruth":"Hypergrid curated DC registry from public sources; not live telemetry"}},{"type":"Feature","geometry":{"type":"Point","coordinates":[17.1413,60.6749]},"properties":{"id":"microsoft-sweden-central-gavle","facility":"Microsoft Sweden Central AI Infrastructure","operator":"Microsoft Azure","parentCompany":"Microsoft","country":"Sweden","region":"Gavleborg","city":"Gavle","lat":60.6749,"lng":17.1413,"status":"operating","facilityType":"ai-campus","capacityMW":500,"aiOriented":true,"yearOperational":2021,"powerSource":"hydro","summary":"Microsoft's Sweden Central region spanning Gavle, Sandviken and Staffanstorp, expanded with a multibillion-dollar plan and thousands of GPUs for AI workloads. Runs on carbon-free energy via Vattenfall.","sourceName":"AI Data Center Index","sourceUrl":"https://aidatacenterindex.com/datacenters/microsoft-sweden-central-ai-infrastructure.html","confidence":"medium","source":"hypergrid.davidtphung.com","attribution":"HYPERGRID datacenters layer","dataTruth":"Hypergrid curated DC registry from public sources; not live telemetry"}},{"type":"Feature","geometry":{"type":"Point","coordinates":[18.0686,59.3293]},"properties":{"id":"se-stockholm-digitalrealty-sto1","facility":"Digital Realty STO1","operator":"Digital Realty","parentCompany":"Digital Realty","country":"Sweden","region":"Stockholm","city":"Stockholm","lat":59.3293,"lng":18.0686,"status":"operating","facilityType":"colocation","capacityMW":12,"aiOriented":true,"yearOperational":2018,"powerSource":"hydro/renewable grid","summary":"Part of Digital Realty's Stockholm interconnection hub serving the Nordic region with low-carbon power.","sourceName":"Digital Realty","sourceUrl":"https://www.digitalrealty.com/data-centers/emea/stockholm","confidence":"medium","source":"hypergrid.davidtphung.com","attribution":"HYPERGRID datacenters layer","dataTruth":"Hypergrid curated DC registry from public sources; not live telemetry"}},{"type":"Feature","geometry":{"type":"Point","coordinates":[17.9447,59.4036]},"properties":{"id":"se-stockholm-atnorth-swe01","facility":"atNorth SWE01 (Kista)","operator":"atNorth","parentCompany":"atNorth","country":"Sweden","region":"Stockholm","city":"Stockholm","lat":59.4036,"lng":17.9447,"status":"operating","facilityType":"colocation","capacityMW":11,"aiOriented":true,"yearOperational":2024,"powerSource":"Grid with renewable","summary":"atNorth's Stockholm data center spans 6,400 square meters with more than 11 MW of IT capacity in Kista, a leading ICT cluster.","sourceName":"Data Center Dynamics","sourceUrl":"https://www.datacenterdynamics.com/en/news/northc-plans-30mw-data-center-in-stockholm-sweden/","confidence":"medium","source":"hypergrid.davidtphung.com","attribution":"HYPERGRID datacenters layer","dataTruth":"Hypergrid curated DC registry from public sources; not live telemetry"}},{"type":"Feature","geometry":{"type":"Point","coordinates":[8.5436,47.4108]},"properties":{"id":"ch-zurich-vantage-zrh1","facility":"Vantage Zurich Campus (ZRH1)","operator":"Vantage Data Centers","parentCompany":"Vantage Data Centers","country":"Switzerland","region":"Zurich","city":"Zurich","lat":47.4108,"lng":8.5436,"status":"construction","facilityType":"hyperscale","capacityMW":40,"aiOriented":true,"yearOperational":2026,"powerSource":"Grid with renewable","summary":"Vantage is developing a 40 MW hyperscale campus in the Zurich area to serve cloud and AI workloads in the Swiss market.","sourceName":"Techerati","sourceUrl":"https://www.techerati.com/news-hub/vantage-data-centers-to-build-five-hyperscale-facilities-in-europe/","confidence":"medium","source":"hypergrid.davidtphung.com","attribution":"HYPERGRID datacenters layer","dataTruth":"Hypergrid curated DC registry from public sources; not live telemetry"}},{"type":"Feature","geometry":{"type":"Point","coordinates":[8.53,47.45]},"properties":{"id":"ch-zurich-ntt-zrh1","facility":"NTT Zurich 1","operator":"NTT","parentCompany":"NTT","country":"Switzerland","region":"Zurich","city":"Rumlang","lat":47.45,"lng":8.53,"status":"operating","facilityType":"colocation","capacityMW":20,"aiOriented":true,"yearOperational":2019,"powerSource":"hydro/renewable grid","summary":"NTT Global Data Centers facility in Rumlang near Zurich offering up to 20 MW of IT load.","sourceName":"NTT Global Data Centers","sourceUrl":"https://services.global.ntt/en-us/services-and-products/global-data-centers/global-locations/emea/zurich-1-data-center","confidence":"high","source":"hypergrid.davidtphung.com","attribution":"HYPERGRID datacenters layer","dataTruth":"Hypergrid curated DC registry from public sources; not live telemetry"}},{"type":"Feature","geometry":{"type":"Point","coordinates":[121.564,25.061]},"properties":{"id":"tw-taipei-chief-lz","facility":"Chief Telecom LY Data Center","operator":"Chief Telecom","parentCompany":"Chunghwa Telecom","country":"Taiwan","region":"Asia Pacific","city":"Taipei","lat":25.061,"lng":121.564,"status":"operating","facilityType":"colocation","capacityMW":20,"aiOriented":true,"yearOperational":2014,"powerSource":"grid","summary":"Carrier-neutral colocation facility in the Neihu Technology Park, one of Taiwan's primary interconnection points for cloud providers.","sourceName":"Datacentermap","sourceUrl":"https://www.datacentermap.com/taiwan/","confidence":"low","source":"hypergrid.davidtphung.com","attribution":"HYPERGRID datacenters layer","dataTruth":"Hypergrid curated DC registry from public sources; not live telemetry"}},{"type":"Feature","geometry":{"type":"Point","coordinates":[100.9847,13.3611]},"properties":{"id":"th-chonburi-google-th","facility":"Google Thailand DC","operator":"Google","parentCompany":"Alphabet","country":"Thailand","region":"Asia Pacific","city":"Chonburi","lat":13.3611,"lng":100.9847,"status":"construction","facilityType":"cloud-region","capacityMW":80,"aiOriented":true,"yearOperational":2027,"powerSource":"grid","summary":"Part of Google's roughly 1 billion dollar Thailand investment across Bangkok and Chonburi, supporting cloud and AI services.","sourceName":"Data Center Frontier","sourceUrl":"https://www.datacenterfrontier.com/site-selection/article/55275492/thailand-and-indonesia-look-to-become-data-center-hubs-for-apac","confidence":"low","source":"hypergrid.davidtphung.com","attribution":"HYPERGRID datacenters layer","dataTruth":"Hypergrid curated DC registry from public sources; not live telemetry"}},{"type":"Feature","geometry":{"type":"Point","coordinates":[100.6328,13.7245]},"properties":{"id":"th-bangkok-sttgdc-bkk1","facility":"STT Bangkok 1","operator":"ST Telemedia Global Data Centres","parentCompany":"ST Telemedia","country":"Thailand","region":"Bangkok","city":"Bangkok","lat":13.7245,"lng":100.6328,"status":"operating","facilityType":"hyperscale","capacityMW":20,"aiOriented":true,"yearOperational":2024,"powerSource":"Grid","summary":"STT Bangkok 1 is part of STT GDC's downtown Bangkok portfolio supporting advanced AI workloads, with the operator offering 42 MW across three Bangkok locations.","sourceName":"Data Center Dynamics","sourceUrl":"https://www.datacenterdynamics.com/en/news/stt-gdc-opens-hyperscale-data-center-in-bangkok/","confidence":"medium","source":"hypergrid.davidtphung.com","attribution":"HYPERGRID datacenters layer","dataTruth":"Hypergrid curated DC registry from public sources; not live telemetry"}},{"type":"Feature","geometry":{"type":"Point","coordinates":[100.5018,13.7563]},"properties":{"id":"th-bangkok-nttdata-bkk","facility":"NTT DATA Bangkok DC","operator":"NTT Global Data Centers","parentCompany":"NTT","country":"Thailand","region":"Asia Pacific","city":"Bangkok","lat":13.7563,"lng":100.5018,"status":"construction","facilityType":"colocation","capacityMW":12,"aiOriented":true,"yearOperational":2025,"powerSource":"grid","summary":"Roughly 90 million dollar data center build in Bangkok by NTT DATA, targeting operation in the second half of 2025 to serve Thailand's growing cloud demand.","sourceName":"Data Center Frontier","sourceUrl":"https://www.datacenterfrontier.com/site-selection/article/55275492/thailand-and-indonesia-look-to-become-data-center-hubs-for-apac","confidence":"low","source":"hypergrid.davidtphung.com","attribution":"HYPERGRID datacenters layer","dataTruth":"Hypergrid curated DC registry from public sources; not live telemetry"}},{"type":"Feature","geometry":{"type":"Point","coordinates":[28.9784,41.0082]},"properties":{"id":"tr-istanbul-equinix-il2","facility":"Equinix IL2","operator":"Equinix","parentCompany":"Equinix","country":"Turkey","region":"Middle East","city":"Istanbul","lat":41.0082,"lng":28.9784,"status":"operating","facilityType":"colocation","capacityMW":12,"aiOriented":true,"yearOperational":2020,"powerSource":"grid","summary":"Equinix IBX in Istanbul connecting Europe, the Middle East, and Asia as a regional interconnection and cloud access hub.","sourceName":"Equinix","sourceUrl":"https://www.equinix.com/data-centers/europe-colocation","confidence":"low","source":"hypergrid.davidtphung.com","attribution":"HYPERGRID datacenters layer","dataTruth":"Hypergrid curated DC registry from public sources; not live telemetry"}},{"type":"Feature","geometry":{"type":"Point","coordinates":[54.645,24.43]},"properties":{"id":"ae-abudhabi-g42-stargate-campus","facility":"UAE-US AI Campus","operator":"G42","parentCompany":"G42","country":"United Arab Emirates","region":"Middle East","city":"Abu Dhabi","lat":24.43,"lng":54.645,"status":"announced","facilityType":"ai-campus","capacityMW":5000,"aiOriented":true,"yearOperational":2030,"powerSource":"grid","summary":"Planned 5 GW UAE-US AI Campus in Abu Dhabi, the anchor of Stargate UAE and the largest AI infrastructure cluster announced in the Middle East.","sourceName":"S&P Global","sourceUrl":"https://www.spglobal.com/market-intelligence/en/news-insights/research/2025/10/coverage-initiation-khazna-set-to-build-out-the-largest-ai-ready-hyperscale-facility-in-uae","confidence":"low","source":"hypergrid.davidtphung.com","attribution":"HYPERGRID datacenters layer","dataTruth":"Hypergrid curated DC registry from public sources; not live telemetry"}},{"type":"Feature","geometry":{"type":"Point","coordinates":[54.3773,24.4539]},"properties":{"id":"stargate-uae-abu-dhabi","facility":"Stargate UAE AI Infrastructure Cluster","operator":"Khazna Data Centers","parentCompany":"G42","country":"United Arab Emirates","region":"Abu Dhabi","city":"Abu Dhabi","lat":24.4539,"lng":54.3773,"status":"construction","facilityType":"ai-campus","capacityMW":1000,"aiOriented":true,"yearOperational":2026,"powerSource":"mixed","summary":"A 1 GW AI infrastructure cluster built by G42 unit Khazna within the 5 GW UAE-US AI Campus, in partnership with OpenAI, Oracle, NVIDIA, Cisco and SoftBank. The 200 MW first phase is targeted for the third quarter of 2026.","sourceName":"G42 / PR Newswire","sourceUrl":"https://www.prnewswire.com/news-releases/g42-provides-update-on-construction-of-stargate-uae-ai-infrastructure-cluster-302586430.html","confidence":"high","source":"hypergrid.davidtphung.com","attribution":"HYPERGRID datacenters layer","dataTruth":"Hypergrid curated DC registry from public sources; not live telemetry"}},{"type":"Feature","geometry":{"type":"Point","coordinates":[54.3667,24.4667]},"properties":{"id":"ae-abudhabi-g42-microsoft-stargate","facility":"Stargate UAE","operator":"Khazna Data Centers","parentCompany":"G42","country":"United Arab Emirates","region":"Middle East","city":"Abu Dhabi","lat":24.4667,"lng":54.3667,"status":"construction","facilityType":"ai-campus","capacityMW":1000,"aiOriented":true,"yearOperational":2026,"powerSource":"grid","summary":"1 GW AI infrastructure cluster delivered through Khazna within the planned 5 GW UAE-US AI Campus. First 200 MW phase due in Q3 2026.","sourceName":"DatacenterDynamics","sourceUrl":"https://www.datacenterdynamics.com/en/news/microsoft-and-g42-expand-data-center-capacity-plans-in-uae-by-200mw/","confidence":"medium","source":"hypergrid.davidtphung.com","attribution":"HYPERGRID datacenters layer","dataTruth":"Hypergrid curated DC registry from public sources; not live telemetry"}},{"type":"Feature","geometry":{"type":"Point","coordinates":[54.3773,24.4539]},"properties":{"id":"ae-abudhabi-khazna-ai","facility":"Khazna AI-Optimized DC","operator":"Khazna Data Centers","parentCompany":"G42","country":"United Arab Emirates","region":"Middle East","city":"Abu Dhabi","lat":24.4539,"lng":54.3773,"status":"construction","facilityType":"ai-campus","capacityMW":100,"aiOriented":true,"yearOperational":2026,"powerSource":"grid","summary":"Khazna's first AI-optimized data center, tied to the UAE-US AI Campus in Abu Dhabi. Khazna controls the majority of UAE capacity.","sourceName":"G42","sourceUrl":"https://www.g42.ai/resources/news/khazna-announces-uaes-first-ai-optimized-data-center-and-largest-its-portfolio","confidence":"medium","source":"hypergrid.davidtphung.com","attribution":"HYPERGRID datacenters layer","dataTruth":"Hypergrid curated DC registry from public sources; not live telemetry"}},{"type":"Feature","geometry":{"type":"Point","coordinates":[55.2708,25.2048]},"properties":{"id":"ae-dubai-equinix-db5","facility":"Equinix DB5","operator":"Equinix","parentCompany":"Equinix","country":"United Arab Emirates","region":"Middle East","city":"Dubai","lat":25.2048,"lng":55.2708,"status":"operating","facilityType":"colocation","capacityMW":15,"aiOriented":true,"yearOperational":2022,"powerSource":"grid","summary":"Equinix IBX in Dubai serving as an interconnection gateway between the Middle East, Europe, and Asia for cloud and enterprise customers.","sourceName":"Data Center Knowledge","sourceUrl":"https://www.datacenterknowledge.com/data-center-site-selection/uae-data-centers-powering-the-middle-east-s-ai-and-cloud-revolution","confidence":"low","source":"hypergrid.davidtphung.com","attribution":"HYPERGRID datacenters layer","dataTruth":"Hypergrid curated DC registry from public sources; not live telemetry"}},{"type":"Feature","geometry":{"type":"Point","coordinates":[-0.636,51.5095]},"properties":{"id":"gb-slough-equinix-ld5","facility":"Equinix LD5","operator":"Equinix","parentCompany":"Equinix","country":"United Kingdom","region":"England","city":"Slough","lat":51.5095,"lng":-0.636,"status":"operating","facilityType":"colocation","capacityMW":27,"aiOriented":true,"yearOperational":2011,"powerSource":"renewable grid","summary":"Interconnection hub in the Slough Trading Estate, one of the anchor sites of the London FLAP-D market.","sourceName":"Equinix","sourceUrl":"https://www.equinix.com/data-centers/europe-colocation/united-kingdom-colocation/london-data-centers/ld5","confidence":"high","source":"hypergrid.davidtphung.com","attribution":"HYPERGRID datacenters layer","dataTruth":"Hypergrid curated DC registry from public sources; not live telemetry"}},{"type":"Feature","geometry":{"type":"Point","coordinates":[-0.1003,51.5237]},"properties":{"id":"gb-london-digitalrealty-cloudhouse","facility":"Digital Realty Cloud House (LHR)","operator":"Digital Realty","parentCompany":"Digital Realty","country":"United Kingdom","region":"England","city":"London","lat":51.5237,"lng":-0.1003,"status":"operating","facilityType":"colocation","capacityMW":12,"aiOriented":true,"yearOperational":2016,"powerSource":"renewable grid","summary":"Carrier-dense connectivity hub in the City of London, part of Digital Realty's London interconnection portfolio.","sourceName":"Digital Realty","sourceUrl":"https://www.digitalrealty.com/data-centers/emea/london","confidence":"low","source":"hypergrid.davidtphung.com","attribution":"HYPERGRID datacenters layer","dataTruth":"Hypergrid curated DC registry from public sources; not live telemetry"}},{"type":"Feature","geometry":{"type":"Point","coordinates":[-91.6323,32.4771]},"properties":{"id":"meta-hyperion-richland-la","facility":"Hyperion (Richland Parish)","operator":"Meta","parentCompany":"Meta Platforms","country":"United States","region":"Louisiana","city":"Holly Ridge","lat":32.4771,"lng":-91.6323,"status":"construction","facilityType":"ai-campus","capacityMW":2000,"aiOriented":true,"yearOperational":2030,"powerSource":"gas","summary":"Meta's largest data center, an AI campus under construction in Richland Parish near Holly Ridge spanning about 2,250 acres and up to nine buildings. Designed to deliver over 2 GW of compute by 2030 with potential to scale to 5 GW, backed by new on-site natural gas generation.","sourceName":"Wikipedia","sourceUrl":"https://en.wikipedia.org/wiki/Hyperion_(data_center)","confidence":"high","source":"hypergrid.davidtphung.com","attribution":"HYPERGRID datacenters layer","dataTruth":"Hypergrid curated DC registry from public sources; not live telemetry"}},{"type":"Feature","geometry":{"type":"Point","coordinates":[-99.3534,32.7457]},"properties":{"id":"vantage-frontier-shackelford-tx","facility":"Frontier (Shackelford County)","operator":"Vantage Data Centers","parentCompany":"DigitalBridge","country":"United States","region":"Texas","city":"Shackelford County","lat":32.7457,"lng":-99.3534,"status":"construction","facilityType":"ai-campus","capacityMW":1400,"aiOriented":true,"yearOperational":2026,"powerSource":"grid","summary":"Vantage's USD 25 billion Frontier mega-campus on 1,200 acres in Shackelford County, planned for 1.4 GW across 10 buildings with liquid cooling for high-density AI workloads. First building targeted for delivery in late 2026.","sourceName":"Vantage Data Centers","sourceUrl":"https://vantage-dc.com/data-center-locations/north-america/shackelford-county-tx","confidence":"high","source":"hypergrid.davidtphung.com","attribution":"HYPERGRID datacenters layer","dataTruth":"Hypergrid curated DC registry from public sources; not live telemetry"}},{"type":"Feature","geometry":{"type":"Point","coordinates":[-99.8453,32.5396]},"properties":{"id":"stargate-abilene-tx","facility":"Stargate Abilene (Lancium Clean Campus)","operator":"Crusoe","parentCompany":"OpenAI / Oracle / SoftBank","country":"United States","region":"Texas","city":"Abilene","lat":32.5396,"lng":-99.8453,"status":"operating","facilityType":"ai-campus","capacityMW":1200,"aiOriented":true,"yearOperational":2025,"powerSource":"gas","summary":"Flagship Stargate AI campus built by Crusoe on Lancium's Clean Campus, with the first two buildings live in 2025 for Oracle and OpenAI. The planned eight-building, 4 million sqft site scales toward 1.2 GW powered by on-site natural gas plus grid and local wind.","sourceName":"Data Center Frontier","sourceUrl":"https://www.datacenterfrontier.com/hyperscale/article/55276169/crusoe-adds-45-gw-natural-gas-to-fuel-ai-expands-abilene-data-center-to-12-gw","confidence":"high","source":"hypergrid.davidtphung.com","attribution":"HYPERGRID datacenters layer","dataTruth":"Hypergrid curated DC registry from public sources; not live telemetry"}},{"type":"Feature","geometry":{"type":"Point","coordinates":[-87.9073,42.7261]},"properties":{"id":"microsoft-fairwater-mount-pleasant-wi","facility":"Fairwater","operator":"Microsoft","parentCompany":"Microsoft","country":"United States","region":"Wisconsin","city":"Mount Pleasant","lat":42.7261,"lng":-87.9073,"status":"operating","facilityType":"ai-campus","capacityMW":1200,"aiOriented":true,"yearOperational":2026,"powerSource":"grid","summary":"Microsoft's Fairwater AI campus in Mount Pleasant, a 315-acre site linking hundreds of thousands of NVIDIA GB200 GPUs into one cluster, declared fully operational in June 2026. The project represents about USD 7.3 billion of investment.","sourceName":"Data Center Knowledge","sourceUrl":"https://www.datacenterknowledge.com/data-center-construction/microsoft-s-wisconsin-ai-campus-moves-from-construction-to-operations","confidence":"high","source":"hypergrid.davidtphung.com","attribution":"HYPERGRID datacenters layer","dataTruth":"Hypergrid curated DC registry from public sources; not live telemetry"}},{"type":"Feature","geometry":{"type":"Point","coordinates":[-119.4324,39.5349]},"properties":{"id":"us-reno-switch-citadel-nv","facility":"Switch Tahoe Reno Citadel Campus (TAHOE RENO 1)","operator":"Switch","parentCompany":"Switch (DigitalBridge)","country":"United States","region":"Nevada","city":"Reno","lat":39.5349,"lng":-119.4324,"status":"operating","facilityType":"colocation","capacityMW":650,"aiOriented":true,"yearOperational":2017,"powerSource":"Grid with 100 percent renewable","summary":"Switch's Citadel Campus at the Tahoe Reno Industrial Center is one of the world's largest colocation campuses, planned for up to 7.2 million square feet and up to 650 MW across 2,000 acres next to the Tesla Gigafactory.","sourceName":"Switch","sourceUrl":"https://www.switch.com/switch-tahoe-reno-data-center-now-open/","confidence":"high","source":"hypergrid.davidtphung.com","attribution":"HYPERGRID datacenters layer","dataTruth":"Hypergrid curated DC registry from public sources; not live telemetry"}},{"type":"Feature","geometry":{"type":"Point","coordinates":[-115.1398,36.1699]},"properties":{"id":"coreweave-las-vegas-nv","facility":"CoreWeave Core Campus (Las Vegas)","operator":"CoreWeave","parentCompany":"CoreWeave","country":"United States","region":"Nevada","city":"Las Vegas","lat":36.1699,"lng":-115.1398,"status":"operating","facilityType":"ai-campus","capacityMW":275,"aiOriented":true,"yearOperational":2023,"powerSource":"solar","summary":"CoreWeave's largest operating US campus in the Las Vegas area, spanning multiple data centers and about 275 MW for AI and HPC workloads.","sourceName":"Digital Infra Network","sourceUrl":"https://dgtlinfra.com/coreweave-data-center-locations/","confidence":"low","source":"hypergrid.davidtphung.com","attribution":"HYPERGRID datacenters layer","dataTruth":"Hypergrid curated DC registry from public sources; not live telemetry"}},{"type":"Feature","geometry":{"type":"Point","coordinates":[-90.1186,35.0617]},"properties":{"id":"xai-colossus-memphis-tn","facility":"Colossus 1","operator":"xAI","parentCompany":"xAI","country":"United States","region":"Tennessee","city":"Memphis","lat":35.0617,"lng":-90.1186,"status":"operating","facilityType":"ai-campus","capacityMW":250,"aiOriented":true,"yearOperational":2024,"powerSource":"gas","summary":"xAI's Memphis supercomputer campus on the former Electrolux site in South Memphis, online since mid-2024 to train Grok. Backed by on-site gas turbines plus TVA/MLGW grid power, with IT load scaling from about 150MW toward 250MW and a Colossus 2 expansion underway.","sourceName":"Global Energy Monitor","sourceUrl":"https://www.gem.wiki/Colossus_1_power_station","confidence":"high","source":"hypergrid.davidtphung.com","attribution":"HYPERGRID datacenters layer","dataTruth":"Hypergrid curated DC registry from public sources; not live telemetry"}},{"type":"Feature","geometry":{"type":"Point","coordinates":[-119.8525,47.2343]},"properties":{"id":"us-wa-quincy-microsoft-columbia","facility":"Microsoft Columbia (Quincy)","operator":"Microsoft","parentCompany":"Microsoft","country":"United States","region":"Washington","city":"Quincy","lat":47.2343,"lng":-119.8525,"status":"operating","facilityType":"hyperscale","capacityMW":200,"aiOriented":true,"yearOperational":2007,"powerSource":"hydro","summary":"Microsoft's long-standing central Washington campus, exceeding 2 million sq ft and powered largely by Columbia River hydro.","sourceName":"Baxtel","sourceUrl":"https://baxtel.com/data-center/microsoft-quincy-mwh","confidence":"high","source":"hypergrid.davidtphung.com","attribution":"HYPERGRID datacenters layer","dataTruth":"Hypergrid curated DC registry from public sources; not live telemetry"}},{"type":"Feature","geometry":{"type":"Point","coordinates":[-122.929,45.5429]},"properties":{"id":"us-or-hillsboro-aws-pdx","facility":"AWS US West (Oregon) Hillsboro","operator":"AWS","parentCompany":"Amazon","country":"United States","region":"Oregon","city":"Hillsboro","lat":45.5429,"lng":-122.929,"status":"operating","facilityType":"cloud-region","capacityMW":150,"aiOriented":true,"yearOperational":2011,"powerSource":"grid + renewable","summary":"Part of the AWS us-west-2 region cluster, with major AWS and fiber infrastructure concentrated around Hillsboro's Tanasbourne corridor.","sourceName":"Baxtel","sourceUrl":"https://baxtel.com/data-center/aws-us-west-oregon","confidence":"medium","source":"hypergrid.davidtphung.com","attribution":"HYPERGRID datacenters layer","dataTruth":"Hypergrid curated DC registry from public sources; not live telemetry"}},{"type":"Feature","geometry":{"type":"Point","coordinates":[-77.311,37.5258]},"properties":{"id":"us-va-richmond-aws-us-east","facility":"AWS US East Richmond (Sandston)","operator":"AWS","parentCompany":"Amazon","country":"United States","region":"Virginia","city":"Sandston","lat":37.5258,"lng":-77.311,"status":"operating","facilityType":"cloud-region","capacityMW":150,"aiOriented":true,"yearOperational":2014,"powerSource":"grid + solar","summary":"Part of AWS's us-east-1 footprint extending beyond Ashburn into the Richmond metro with large campuses in Henrico County.","sourceName":"Baxtel","sourceUrl":"https://baxtel.com/data-centers/amazon-aws","confidence":"low","source":"hypergrid.davidtphung.com","attribution":"HYPERGRID datacenters layer","dataTruth":"Hypergrid curated DC registry from public sources; not live telemetry"}},{"type":"Feature","geometry":{"type":"Point","coordinates":[-119.433,39.5847]},"properties":{"id":"us-nv-reno-switch-citadel","facility":"Switch Tahoe Reno (The Citadel)","operator":"Switch","parentCompany":"Switch","country":"United States","region":"Nevada","city":"Reno","lat":39.5847,"lng":-119.433,"status":"operating","facilityType":"hyperscale","capacityMW":130,"aiOriented":true,"yearOperational":2017,"powerSource":"100% renewable","summary":"Tahoe Reno 1 building offers up to 130 MW within a campus master-planned for up to 850 MW of renewable-powered capacity.","sourceName":"Switch","sourceUrl":"https://www.switch.com/tahoe-reno/","confidence":"high","source":"hypergrid.davidtphung.com","attribution":"HYPERGRID datacenters layer","dataTruth":"Hypergrid curated DC registry from public sources; not live telemetry"}},{"type":"Feature","geometry":{"type":"Point","coordinates":[-114.9817,36.0397]},"properties":{"id":"us-lasvegas-google-henderson-nv","facility":"Google Henderson Data Center","operator":"Google","parentCompany":"Alphabet","country":"United States","region":"Nevada","city":"Henderson","lat":36.0397,"lng":-114.9817,"status":"operating","facilityType":"hyperscale","capacityMW":125,"aiOriented":true,"yearOperational":2022,"powerSource":"Grid","summary":"Google's Henderson facility is the largest data center in the Las Vegas metro at about 125 MW, serving Google Cloud and consumer services.","sourceName":"Baxtel","sourceUrl":"https://baxtel.com/data-center/las-vegas","confidence":"medium","source":"hypergrid.davidtphung.com","attribution":"HYPERGRID datacenters layer","dataTruth":"Hypergrid curated DC registry from public sources; not live telemetry"}},{"type":"Feature","geometry":{"type":"Point","coordinates":[-98.65,29.4241]},"properties":{"id":"us-tx-san-antonio-microsoft","facility":"Microsoft San Antonio","operator":"Microsoft","parentCompany":"Microsoft","country":"United States","region":"Texas","city":"San Antonio","lat":29.4241,"lng":-98.65,"status":"operating","facilityType":"hyperscale","capacityMW":120,"aiOriented":true,"yearOperational":2008,"powerSource":"grid","summary":"Microsoft's South Central US campus across Bexar and Medina counties, with ongoing multi-building expansion.","sourceName":"Baxtel","sourceUrl":"https://baxtel.com/data-center/microsoft-san-antonio","confidence":"medium","source":"hypergrid.davidtphung.com","attribution":"HYPERGRID datacenters layer","dataTruth":"Hypergrid curated DC registry from public sources; not live telemetry"}},{"type":"Feature","geometry":{"type":"Point","coordinates":[-87.627,41.8531]},"properties":{"id":"us-il-chicago-digitalrealty-350cermak","facility":"Digital Realty 350 E Cermak","operator":"Digital Realty","parentCompany":"Digital Realty","country":"United States","region":"Illinois","city":"Chicago","lat":41.8531,"lng":-87.627,"status":"operating","facilityType":"colocation","capacityMW":100,"aiOriented":true,"yearOperational":1999,"powerSource":"grid","summary":"Iconic 1.1 million sq ft carrier hotel in downtown Chicago, one of the densest interconnection points in North America.","sourceName":"Digital Realty","sourceUrl":"https://www.digitalrealty.com/data-centers/americas/chicago","confidence":"medium","source":"hypergrid.davidtphung.com","attribution":"HYPERGRID datacenters layer","dataTruth":"Hypergrid curated DC registry from public sources; not live telemetry"}},{"type":"Feature","geometry":{"type":"Point","coordinates":[-87.6175,41.8534]},"properties":{"id":"us-chicago-lakeside-350-cermak","facility":"Lakeside Technology Center (350 East Cermak)","operator":"Digital Realty","parentCompany":"Digital Realty","country":"United States","region":"Illinois","city":"Chicago","lat":41.8534,"lng":-87.6175,"status":"operating","facilityType":"colocation","capacityMW":100,"aiOriented":true,"yearOperational":1912,"powerSource":"grid","summary":"A 1912 printing plant converted into one of the world's largest data center buildings at about 1.1 million square feet, a core Midwest interconnection and financial-trading hub.","sourceName":"Wikipedia","sourceUrl":"https://en.wikipedia.org/wiki/Lakeside_Technology_Center","confidence":"high","source":"hypergrid.davidtphung.com","attribution":"HYPERGRID datacenters layer","dataTruth":"Hypergrid curated DC registry from public sources; not live telemetry"}},{"type":"Feature","geometry":{"type":"Point","coordinates":[-96.8197,32.7903]},"properties":{"id":"us-dallas-equinix-infomart-da","facility":"Equinix Dallas Infomart (DA-series)","operator":"Equinix","parentCompany":"Equinix","country":"United States","region":"Texas","city":"Dallas","lat":32.7903,"lng":-96.8197,"status":"operating","facilityType":"colocation","capacityMW":42,"aiOriented":true,"yearOperational":2023,"powerSource":"Grid","summary":"Equinix operates and continues expanding colocation at the Dallas Infomart, adding roughly 290,000 square feet and 42 MW of capacity alongside the historic interconnection hub.","sourceName":"Data Center Frontier","sourceUrl":"https://www.datacenterfrontier.com/cloud/article/11429749/equinix-adding-a-new-data-center-building-at-the-dallas-infomart","confidence":"high","source":"hypergrid.davidtphung.com","attribution":"HYPERGRID datacenters layer","dataTruth":"Hypergrid curated DC registry from public sources; not live telemetry"}},{"type":"Feature","geometry":{"type":"Point","coordinates":[-121.975,37.3894]},"properties":{"id":"us-ca-santa-clara-cyrusone","facility":"CyrusOne Santa Clara","operator":"CyrusOne","parentCompany":"CyrusOne","country":"United States","region":"California","city":"Santa Clara","lat":37.3894,"lng":-121.975,"status":"operating","facilityType":"hyperscale","capacityMW":30,"aiOriented":true,"yearOperational":2017,"powerSource":"grid + renewable","summary":"CyrusOne wholesale data center serving Silicon Valley hyperscale and enterprise demand.","sourceName":"Baxtel","sourceUrl":"https://baxtel.com/data-centers/cyrusone","confidence":"low","source":"hypergrid.davidtphung.com","attribution":"HYPERGRID datacenters layer","dataTruth":"Hypergrid curated DC registry from public sources; not live telemetry"}},{"type":"Feature","geometry":{"type":"Point","coordinates":[-121.976,37.3776]},"properties":{"id":"us-ca-santa-clara-equinix-sv5","facility":"Equinix SV5","operator":"Equinix","parentCompany":"Equinix","country":"United States","region":"California","city":"Santa Clara","lat":37.3776,"lng":-121.976,"status":"operating","facilityType":"colocation","capacityMW":18,"aiOriented":true,"yearOperational":2015,"powerSource":"grid + renewable","summary":"Silicon Valley IBX in Santa Clara, a dense cloud on-ramp and interconnection hub in the Bay Area market.","sourceName":"Equinix","sourceUrl":"https://www.equinix.com/data-centers/americas-colocation/united-states-colocation/silicon-valley-data-centers/sv5","confidence":"medium","source":"hypergrid.davidtphung.com","attribution":"HYPERGRID datacenters layer","dataTruth":"Hypergrid curated DC registry from public sources; not live telemetry"}},{"type":"Feature","geometry":{"type":"Point","coordinates":[-111.6157,33.3261]},"properties":{"id":"meta-mesa-az","facility":"Meta Mesa Campus","operator":"Meta","parentCompany":"Meta Platforms","country":"United States","region":"Arizona","city":"Mesa","lat":33.3261,"lng":-111.6157,"status":"operating","facilityType":"hyperscale","capacityMW":null,"aiOriented":true,"yearOperational":2023,"powerSource":"grid","summary":"Meta's hyperscale campus along the Elliot Road Technology Corridor in Mesa, opened in 2023 and expanding to a five-building AI-oriented site. Part of the Phoenix-area data center hub.","sourceName":"Data Center Frontier","sourceUrl":"https://www.datacenterfrontier.com/hyperscale/article/55265250/meta-update-opens-mesa-arizona-data-center-unveils-major-subsea-cable-initiative-forges-oklahoma-wind-farm-ppa-more","confidence":"high","source":"hypergrid.davidtphung.com","attribution":"HYPERGRID datacenters layer","dataTruth":"Hypergrid curated DC registry from public sources; not live telemetry"}},{"type":"Feature","geometry":{"type":"Point","coordinates":[-82.8088,40.0814]},"properties":{"id":"us-oh-new-albany-microsoft","facility":"Microsoft New Albany","operator":"Microsoft","parentCompany":"Microsoft","country":"United States","region":"Ohio","city":"New Albany","lat":40.0814,"lng":-82.8088,"status":"paused","facilityType":"hyperscale","capacityMW":null,"aiOriented":true,"yearOperational":null,"powerSource":"grid","summary":"Azure campus in the Columbus region that Microsoft paused in April 2025 as part of a roughly 1 billion dollar pullback across three Licking County sites.","sourceName":"Data Center Dynamics","sourceUrl":"https://www.datacenterdynamics.com/en/news/microsoft-backs-away-from-1bn-data-center-plans-in-licking-county-ohio/","confidence":"medium","source":"hypergrid.davidtphung.com","attribution":"HYPERGRID datacenters layer","dataTruth":"Hypergrid curated DC registry from public sources; not live telemetry"}},{"type":"Feature","geometry":{"type":"Point","coordinates":[-111.9391,40.6097]},"properties":{"id":"us-ut-west-jordan-google-salt-lake","facility":"Google Cloud Salt Lake City (us-west3)","operator":"Google","parentCompany":"Alphabet","country":"United States","region":"Utah","city":"West Jordan","lat":40.6097,"lng":-111.9391,"status":"operating","facilityType":"cloud-region","capacityMW":null,"aiOriented":true,"yearOperational":2020,"powerSource":"grid + renewable","summary":"Google Cloud's us-west3 region, opened in 2020 using leased Salt Lake metro capacity to serve the Mountain West.","sourceName":"Google Cloud","sourceUrl":"https://cloud.google.com/blog/products/infrastructure/google-cloud-region-in-salt-lake-city-now-open","confidence":"medium","source":"hypergrid.davidtphung.com","attribution":"HYPERGRID datacenters layer","dataTruth":"Hypergrid curated DC registry from public sources; not live telemetry"}},{"type":"Feature","geometry":{"type":"Point","coordinates":[-82.7846,40.0817]},"properties":{"id":"us-newalbany-meta-oh","facility":"Meta New Albany Data Center","operator":"Meta","parentCompany":"Meta Platforms","country":"United States","region":"Ohio","city":"New Albany","lat":40.0817,"lng":-82.7846,"status":"operating","facilityType":"hyperscale","capacityMW":null,"aiOriented":true,"yearOperational":2020,"powerSource":"Grid with renewable matching","summary":"Meta operates a five-building campus in New Albany spanning roughly 2.5 million square feet supporting Facebook and Instagram workloads. The company has invested about 1.5 billion dollars over seven years.","sourceName":"Meta Data Centers","sourceUrl":"https://datacenters.atmeta.com/ohio-new-albany/","confidence":"high","source":"hypergrid.davidtphung.com","attribution":"HYPERGRID datacenters layer","dataTruth":"Hypergrid curated DC registry from public sources; not live telemetry"}},{"type":"Feature","geometry":{"type":"Point","coordinates":[-119.3372,39.4358]},"properties":{"id":"us-reno-google-storey-nv","facility":"Google Storey County Data Center","operator":"Google","parentCompany":"Alphabet","country":"United States","region":"Nevada","city":"Reno","lat":39.4358,"lng":-119.3372,"status":"operating","facilityType":"hyperscale","capacityMW":null,"aiOriented":true,"yearOperational":2023,"powerSource":"Grid with renewable","summary":"Google operates a hyperscale data center near Reno in Storey County within the Tahoe Reno Industrial Center, backed by renewable energy procurement in Nevada.","sourceName":"Datacenters.com","sourceUrl":"https://www.datacenters.com/","confidence":"medium","source":"hypergrid.davidtphung.com","attribution":"HYPERGRID datacenters layer","dataTruth":"Hypergrid curated DC registry from public sources; not live telemetry"}},{"type":"Feature","geometry":{"type":"Point","coordinates":[-87.8645,41.9356]},"properties":{"id":"us-chicago-digitalrealty-franklinpark-il","facility":"Digital Realty Franklin Park Campus","operator":"Digital Realty","parentCompany":"Digital Realty Trust","country":"United States","region":"Illinois","city":"Franklin Park","lat":41.9356,"lng":-87.8645,"status":"operating","facilityType":"colocation","capacityMW":null,"aiOriented":true,"yearOperational":2018,"powerSource":"Grid","summary":"Digital Realty operates a major data center campus in Franklin Park near Chicago and has acquired adjacent parcels expected to support over 40 MW of additional IT capacity.","sourceName":"Data Center Dynamics","sourceUrl":"https://www.datacenterdynamics.com/en/news/q3-2025-colo-results-equinix-digital-realty-american-tower-and-iron-mountain/","confidence":"medium","source":"hypergrid.davidtphung.com","attribution":"HYPERGRID datacenters layer","dataTruth":"Hypergrid curated DC registry from public sources; not live telemetry"}},{"type":"Feature","geometry":{"type":"Point","coordinates":[-121.1787,45.5946]},"properties":{"id":"us-thedalles-google-first","facility":"Google The Dalles (Project 02)","operator":"Google","parentCompany":"Alphabet","country":"United States","region":"Oregon","city":"The Dalles","lat":45.5946,"lng":-121.1787,"status":"operating","facilityType":"hyperscale","capacityMW":null,"aiOriented":true,"yearOperational":2006,"powerSource":"hydro","summary":"Google's first purpose-built, company-owned data center, opened in 2006 on the Columbia River for cheap hydroelectric power, marking the start of the modern hyperscale era.","sourceName":"Wikipedia","sourceUrl":"https://en.wikipedia.org/wiki/Google_Data_Centers","confidence":"high","source":"hypergrid.davidtphung.com","attribution":"HYPERGRID datacenters layer","dataTruth":"Hypergrid curated DC registry from public sources; not live telemetry"}},{"type":"Feature","geometry":{"type":"Point","coordinates":[106.517,10.887]},"properties":{"id":"vn-hochiminh-viettel-tanphutrung","facility":"Viettel Tan Phu Trung DC","operator":"Viettel IDC","parentCompany":"Viettel Group","country":"Vietnam","region":"Asia Pacific","city":"Ho Chi Minh City","lat":10.887,"lng":106.517,"status":"construction","facilityType":"hyperscale","capacityMW":140,"aiOriented":true,"yearOperational":2026,"powerSource":"grid","summary":"Vietnam's first hyperscale data center, with groundbreaking in April 2025 in Cu Chi District for up to 140 MW and about 10,000 racks. Phase 1 targeted for Q1 2026.","sourceName":"Viettel","sourceUrl":"https://viettel.com.vn/en/news-events/news/viettel-breaks-ground-on-vietnams-first-hyperscale-data-center/","confidence":"high","source":"hypergrid.davidtphung.com","attribution":"HYPERGRID datacenters layer","dataTruth":"Hypergrid curated DC registry from public sources; not live telemetry"}},{"type":"Feature","geometry":{"type":"Point","coordinates":[106.6297,10.8231]},"properties":{"id":"vn-hcmc-sttgdc-vng","facility":"STT GDC Ho Chi Minh City (VNG JV)","operator":"ST Telemedia Global Data Centres","parentCompany":"ST Telemedia","country":"Vietnam","region":"Ho Chi Minh City","city":"Ho Chi Minh City","lat":10.8231,"lng":106.6297,"status":"construction","facilityType":"hyperscale","capacityMW":60,"aiOriented":true,"yearOperational":2026,"powerSource":"Grid","summary":"STT GDC partnered with VNG Corporation to develop a 60 MW data center in Ho Chi Minh City, expected to complete in 2026 to serve growing cloud demand.","sourceName":"Baxtel","sourceUrl":"https://baxtel.com/data-centers/st-telemedia-global-data-centres-stt-gdc","confidence":"medium","source":"hypergrid.davidtphung.com","attribution":"HYPERGRID datacenters layer","dataTruth":"Hypergrid curated DC registry from public sources; not live telemetry"}},{"type":"Feature","geometry":{"type":"Point","coordinates":[106.658,11.068]},"properties":{"id":"vn-binhduong-equinix-vn1","facility":"Equinix Binh Duong","operator":"Equinix","parentCompany":"Equinix","country":"Vietnam","region":"Asia Pacific","city":"Binh Duong","lat":11.068,"lng":106.658,"status":"announced","facilityType":"colocation","capacityMW":10,"aiOriented":true,"yearOperational":2027,"powerSource":"grid","summary":"Greenfield IBX in Binh Duong starting at 10 MW with expansion headroom on Platform Equinix.","sourceName":"Mordor Intelligence","sourceUrl":"https://www.mordorintelligence.com/industry-reports/vietnam-data-center-market","confidence":"low","source":"hypergrid.davidtphung.com","attribution":"HYPERGRID datacenters layer","dataTruth":"Hypergrid curated DC registry from public sources; not live telemetry"}}]}